Site,Habitat,coverhabs,cover,biomass,n15,h,sw,simp,invsimp,j,Actiniaria,Aglajidae,Alpheidae,Amphinomidae,Amphipoda,Anaspidea,Anthuridae,Aplustridae,Asellota,Asterinidae,Bivalvia,Blennidae,Bonelliida,Brachyura,Buccinidae,Bullidae,Cancellaridae,Caprellidae,Cardiidae,Chitonidae,Cidaridae,Cirratulidae,Columbellidae,Conidae,Costellariidae,Crinoidea,Cumacea,Cypraeidae,Diadematidae,Dialidae,Diogenidae,Dromiidae,Epialtidae,Epitoniidae,Eunicidae,Fasciolariidae,Fissurellidae,Galatheidae,Gastropoda,Gobiidae,Golfingiidae,Gonodactylidae,Haliotidae,Haminoeidae,Hesionidae,Hippolytidae,Isopoda,Joeropsididae,Labridae,Limidae,Littorinidae,Majidae,Mitridae,Mollusca,Monacanthidae,Muricidae,Mysida,Mytilidae,Naticidae,Nematoda,Nemertea,Nereididae,Nudibranchia,Oligochaeta,Olividae,Ophiactidae,Ophidiasteridae,Ophiocomidae ,Ophiomyxidae ,Ophiotrichidae,Ophiuroidea,Opisthobranchia,Ostracoda,Ovulidae,Paguridae,Palaemonidae,Paranthuridae,Paratanaidae,Patellidae,Pectinidae,Penaeidae,Phascolosomatidae,Phasianellidae,Phyllodocidae,Pilumnidae,Plakobranchidae,Platyhelminthes,Pleurobranchidae,Polychaeta,Polynoidae,Pomacentridae,Porcellanidae,Portunidae,Potamididae,Pseudocerotidae,Pteriidae,Pycnogonida,Pyramidellidae,Rissoinidae,Scleractinia,Scorpaenidae,Sipuncula,Stenetriidae ,Stomatopoda,Strombidae,Syllidae,Tanaidacea,Terebellida,Terebridae,Tetraliidae ,Toxopneustidae,Trapeziidae,Triphoridae,Triviidae,Trochidae,Turbinellidae,Turbinidae,Turridae,Veneridae,Vermetidae,Volutidae,Xanthidae
Ngk_M,Dead_coral,2.876106195,0.541666667,32.90316667,1.434,2.21830071,2.21830071,0.775713436,4.458581842,0.717654559,0,0,108.5315163,0,806.2341212,0,0,0,0,0,0,0,0,15.50450233,0,0,0,0,0,0,0,0,0,0,0,0,0,0,0,0,77.52251165,0,46.51350699,0,0,46.51350699,0,155.0450233,0,31.00900466,0,0,0,0,0,15.50450233,62.01800932,0,0,0,0,0,15.50450233,31.00900466,0,15.50450233,0,15.50450233,0,0,0,0,0,15.50450233,0,0,0,0,0,0,62.01800932,0,0,0,0,0,0,0,0,0,0,0,0,0,31.00900466,0,0,0,93.02701398,0,0,0,15.50450233,46.51350699,0,0,0,0,0,0,0,0,0,0,0,0,0,0,0,0,0,0,0,0,0,0,15.50450233,0,0,0,0,77.52251165
Ngk_M,Dead_coral,2.876106196,0.541666667,32.90316667,1.434,2.635497999,2.635497999,0.86528,7.42280285,0.782674922,0,0,25.05471951,25.05471951,501.0943901,0,0,0,0,0,0,0,0,0,12.52735975,0,0,37.58207926,0,0,0,0,0,0,12.52735975,0,0,0,0,12.52735975,37.58207926,0,12.52735975,0,0,25.05471951,12.52735975,112.7462378,0,12.52735975,0,0,0,0,12.52735975,12.52735975,100.218878,100.218878,0,0,0,0,0,0,0,0,0,12.52735975,0,0,37.58207926,25.05471951,0,25.05471951,0,37.58207926,0,12.52735975,0,0,12.52735975,0,0,0,0,0,0,0,0,0,0,0,0,0,12.52735975,0,0,0,100.218878,0,0,0,0,50.10943901,0,0,0,0,0,0,0,0,0,0,0,0,0,0,0,0,0,25.05471951,0,0,0,0,0,0,0,0,0,150.328317
Ngk_M,Dead_coral,2.876106196,0.541666667,32.90316667,1.434,2.436510535,2.436510535,0.874269006,7.953488372,0.78824881,0,0,75.71927033,0,393.7402057,0,0,0,0,0,0,0,0,0,0,0,0,0,0,0,0,0,0,0,0,0,0,0,0,0,212.0139569,0,0,0,0,15.14385407,0,121.1508325,0,0,0,0,0,0,0,15.14385407,60.57541626,30.28770813,0,0,0,60.57541626,0,0,0,0,0,15.14385407,0,0,15.14385407,0,0,0,0,15.14385407,0,0,15.14385407,0,0,0,0,0,0,30.28770813,0,0,0,0,0,15.14385407,15.14385407,15.14385407,0,0,0,0,196.8701029,0,0,0,0,45.4315622,0,30.28770813,0,0,0,0,0,0,0,0,0,0,0,0,0,0,0,0,0,0,0,0,15.14385407,0,0,0,0,318.0209354
Ngk_N,Dead_coral,0.526864607,0.16,20.29016667,2.274,2.162696145,2.162696145,0.83127572,5.926829268,0.843173039,0,0,14.63263113,0,0,0,0,0,0,0,0,0,0,0,0,0,0,0,0,0,0,0,14.63263113,0,0,0,0,0,0,0,14.63263113,29.26526225,29.26526225,0,0,0,0,73.16315564,0,14.63263113,0,0,0,0,0,0,0,0,0,0,0,0,0,0,0,0,0,14.63263113,0,0,0,0,14.63263113,0,0,0,14.63263113,0,14.63263113,0,0,0,0,0,0,0,0,0,0,0,0,0,0,0,0,0,0,0,0,0,0,0,14.63263113,0,0,0,0,0,0,0,0,0,0,0,0,0,0,0,0,0,0,0,0,0,0,0,0,0,0,0,0,131.6936801
Ngk_N,Dead_coral,0.526864607,0.16,20.29016667,2.274,1.528646025,1.528646025,0.618271605,2.619663648,0.637494907,0,0,0,0,763.8869658,0,0,0,0,0,0,0,0,0,0,0,0,0,0,0,0,0,0,0,0,0,0,0,0,0,113.1684394,0,0,0,0,0,0,28.29210984,0,0,0,0,0,0,0,28.29210984,56.58421969,0,0,0,0,84.87632953,0,0,0,28.29210984,0,0,0,0,0,0,0,0,0,0,0,0,0,0,0,0,0,0,28.29210984,0,0,0,0,0,0,0,0,0,28.29210984,0,0,0,28.29210984,0,0,0,0,0,0,0,0,0,0,0,0,0,0,0,0,0,0,0,0,0,0,0,0,0,0,0,0,0,0,0,0,84.87632953
Ngk_N,Dead_coral,0.526864607,0.16,20.29016667,2.274,1.972017125,1.972017125,0.736614386,3.796714579,0.728205528,0,0,97.32832043,48.66416021,1021.947365,0,0,0,0,0,0,0,0,0,0,0,0,0,48.66416021,0,0,48.66416021,0,0,0,0,0,0,0,0,194.6566409,0,0,0,0,0,0,0,0,48.66416021,0,0,48.66416021,0,0,0,48.66416021,48.66416021,0,48.66416021,0,0,0,0,0,0,0,0,0,0,0,0,0,0,0,0,0,0,0,0,0,0,0,0,0,0,0,0,0,0,48.66416021,0,0,0,0,0,0,0,0,0,0,0,97.32832043,0,0,0,0,0,0,0,0,0,0,0,0,0,97.32832043,0,0,0,0,0,0,0,0,0,0,0,0,0,0,145.9924806
Ngk_S,Dead_coral,5.882352941,0.625,29.38377778,1.86,2.583453347,2.583453347,0.899954731,9.995475113,0.893813517,0,0,71.06825684,47.37883789,165.8259326,0,0,0,0,23.68941895,0,0,0,0,0,23.68941895,0,0,0,0,0,0,0,0,0,0,0,0,0,236.8941895,23.68941895,0,0,0,0,23.68941895,0,0,0,0,94.75767578,0,0,23.68941895,71.06825684,0,71.06825684,0,0,0,0,47.37883789,0,0,0,0,23.68941895,0,0,0,0,0,0,0,0,0,0,0,0,47.37883789,23.68941895,0,0,0,0,0,0,0,0,0,0,23.68941895,0,0,0,0,0,0,0,0,0,0,0,0,0,0,0,0,0,0,0,0,0,0,0,0,0,0,0,0,0,0,0,0,0,0,0,0,0,0,0,71.06825684
Ngk_S,Dead_coral,5.882352941,0.625,29.38377778,1.86,2.398083512,2.398083512,0.875610457,8.03926097,0.846418261,0,0,54.06630061,0,351.430954,0,0,0,0,0,0,0,0,0,0,0,0,0,0,0,0,0,0,0,0,0,0,0,0,0,27.03315031,0,0,0,0,81.09945092,0,108.1326012,0,27.03315031,0,0,0,0,27.03315031,0,0,54.06630061,0,0,0,0,0,0,0,0,0,0,0,0,0,27.03315031,27.03315031,0,0,0,0,0,0,0,27.03315031,0,0,0,0,0,0,0,0,0,0,0,297.3646534,27.03315031,54.06630061,0,0,0,81.09945092,0,0,0,0,81.09945092,0,0,0,0,0,0,0,0,0,0,0,0,0,0,0,0,0,0,0,0,0,0,0,0,0,0,0,243.2983528
Ngk_S,Dead_coral,5.882352941,0.625,29.38377778,1.86,2.26055418,2.26055418,0.803537101,5.090019569,0.754591523,0,0,0,19.64037227,392.8074454,0,0,0,0,0,0,0,0,0,0,19.64037227,0,0,0,0,0,0,0,0,0,0,0,0,0,0,19.64037227,19.64037227,19.64037227,0,0,0,0,39.28074454,0,0,0,0,19.64037227,0,0,39.28074454,19.64037227,19.64037227,0,19.64037227,0,39.28074454,0,0,0,0,0,0,0,0,0,19.64037227,0,0,19.64037227,0,19.64037227,0,0,0,0,0,0,0,0,0,0,0,0,0,0,0,0,0,19.64037227,0,0,0,0,0,0,0,19.64037227,0,0,0,0,0,0,0,0,0,0,0,0,0,0,0,0,0,0,39.28074454,0,0,0,0,0,0,0,0,0,176.7633504
SDO,Dead_coral,7.904642409,2.625,23.052,2.006,1.93861402,1.93861402,0.724977043,3.6360601,0.699207208,0,0,0,0,0,0,0,0,0,0,0,0,0,0,0,14.94495696,0,0,0,0,0,0,29.88991393,14.94495696,0,0,0,0,0,0,74.72478482,0,0,0,0,0,0,493.1835798,0,14.94495696,0,0,0,0,0,59.77982785,14.94495696,0,0,0,0,0,29.88991393,0,0,0,0,0,0,0,0,0,0,0,0,0,0,0,0,0,0,0,0,0,0,89.66974178,0,0,0,0,0,0,0,29.88991393,0,0,0,0,14.94495696,0,0,0,0,14.94495696,0,0,0,0,0,0,0,0,0,0,0,0,0,0,0,0,0,29.88991393,0,0,0,0,14.94495696,0,0,0,0,44.83487089
SDO,Dead_coral,7.904642408,2.625,23.052,2.006,2.599460503,2.599460503,0.91195694,11.3580786,0.917495503,0,0,69.67706841,0,69.67706841,0,0,0,0,0,34.83853421,0,0,0,34.83853421,174.192671,0,0,0,0,0,0,0,0,34.83853421,0,0,0,0,0,0,0,69.67706841,0,0,139.3541368,0,243.8697394,0,34.83853421,0,0,0,0,0,209.0312052,0,0,0,0,0,0,0,0,0,0,0,0,0,0,0,0,0,0,0,69.67706841,0,0,0,0,0,0,0,0,0,69.67706841,0,0,0,0,0,0,0,0,0,0,0,34.83853421,243.8697394,0,0,0,0,174.192671,0,0,0,0,0,0,0,0,0,0,0,0,0,0,69.67706841,0,0,0,0,0,0,0,0,0,0,0,0,0
SDO,Dead_coral,7.904642408,2.625,23.052,2.006,2.34078952,2.34078952,0.861979167,7.245283019,0.826195996,0,0,32.70507634,0,261.6406107,0,32.70507634,0,0,0,0,0,0,0,32.70507634,0,0,0,0,0,0,0,0,0,0,0,0,0,0,0,32.70507634,0,0,0,0,0,0,163.5253817,0,196.230458,0,0,0,0,0,32.70507634,98.11522901,0,0,0,0,0,0,0,0,32.70507634,0,0,32.70507634,0,0,0,0,32.70507634,0,0,0,0,0,0,0,0,0,0,0,0,0,0,0,0,0,0,0,0,32.70507634,0,0,32.70507634,425.1659924,0,0,0,0,0,0,0,0,0,32.70507634,0,0,0,0,0,0,0,0,0,0,0,0,0,0,0,0,0,0,0,0,0,0,65.41015267
Sew1,Dead_coral,1.136708093,0.125,18.22261111,3.006,2.284336344,2.284336344,0.882222222,8.490566038,0.919284571,0,0,0,0,132.0483152,0,0,0,0,88.03221014,0,0,0,0,0,0,0,0,0,0,0,0,0,0,0,0,0,0,0,0,0,0,0,0,0,44.01610507,0,88.03221014,0,0,0,0,0,0,0,0,0,0,0,0,0,0,0,0,0,0,0,0,0,0,0,0,0,0,0,0,0,0,0,0,0,0,0,0,0,176.0644203,0,0,0,0,0,0,0,0,0,44.01610507,0,0,0,0,0,0,0,176.0644203,0,0,0,0,0,0,0,0,0,0,0,0,0,0,0,0,0,0,44.01610507,0,0,0,0,0,0,0,0,132.0483152
Sew1,Dead_coral,1.136708093,0.125,18.22261111,3.006,2.07049304,2.07049304,0.861678005,7.229508197,0.942321992,0,81.61801444,0,0,81.61801444,0,0,0,0,81.61801444,0,0,0,0,163.2360289,0,0,0,0,0,244.8540433,0,0,0,0,0,0,0,0,0,0,0,0,0,0,0,0,734.56213,0,0,0,0,0,0,0,0,0,0,0,0,0,0,0,0,0,0,0,0,81.61801444,0,0,0,0,0,0,0,0,0,0,0,81.61801444,0,0,0,0,571.3261011,0,0,0,0,0,0,0,0,0,0,0,0,0,0,0,0,0,81.61801444,0,0,0,81.61801444,0,0,0,0,0,0,0,0,0,0,81.61801444,0,0,0,0,0,0,0,0,0,0,0,0,652.9441156
Sew1,Dead_coral,1.136708093,0.125,18.22261111,3.006,2.132159648,2.132159648,0.842951059,6.36744186,0.831267737,0,0,120.7617513,0,0,0,0,0,0,60.38087566,0,0,0,0,0,0,0,0,0,0,60.38087566,0,60.38087566,0,0,0,0,0,0,0,60.38087566,0,0,0,0,181.142627,0,0,0,120.7617513,0,0,60.38087566,0,0,0,0,0,0,0,0,181.142627,0,0,0,0,0,0,0,0,0,0,0,0,0,0,0,0,301.9043783,0,0,0,0,0,0,0,0,0,0,0,0,0,0,0,0,0,0,0,0,0,0,0,0,301.9043783,0,0,0,0,0,0,0,0,0,0,0,0,0,0,0,0,0,0,0,0,0,0,0,0,0,0,0,301.9043783
Sew2,Dead_coral,0.248962656,0.0625,14.42238889,3.108,2.203257637,2.203257637,0.852770125,6.792099792,0.813595566,0,0,38.12673683,0,190.6336842,0,0,0,0,0,0,0,0,0,0,0,0,0,0,0,0,0,50.83564911,12.70891228,0,0,0,0,0,0,0,0,25.41782455,0,0,25.41782455,0,228.760421,0,12.70891228,0,0,0,0,0,0,76.25347366,0,0,0,0,0,12.70891228,0,0,0,0,0,0,0,0,0,0,0,0,0,0,0,0,0,0,0,0,0,0,0,0,0,0,0,0,0,0,12.70891228,38.12673683,0,0,0,76.25347366,0,0,0,0,127.0891228,0,0,0,0,0,0,0,0,0,0,0,0,0,0,0,0,0,0,0,0,0,0,0,0,0,0,0,330.4317192
Sew2,Dead_coral,0.248962656,0.0625,14.42238889,3.108,2.160757656,2.160757656,0.857988166,7.041666667,0.901105932,0,0,0,0,417.4513497,0,0,0,0,0,0,0,0,0,0,0,0,0,0,0,0,0,0,0,0,0,0,0,0,0,0,0,104.3628374,0,0,0,0,730.5398619,0,0,0,0,0,0,0,0,208.7256748,0,0,104.3628374,0,0,0,0,0,104.3628374,0,104.3628374,0,0,0,0,0,0,0,0,0,0,0,0,0,0,0,0,104.3628374,313.0885122,0,0,0,0,0,0,0,0,0,0,0,0,208.7256748,0,0,0,0,0,0,0,0,0,0,0,0,0,0,0,0,0,0,0,0,0,0,0,0,0,0,0,0,0,0,0,0,313.0885122
Sew2,Dead_coral,0.248962656,0.0625,14.42238889,3.108,2.144759538,2.144759538,0.820861678,5.582278481,0.812699108,0,0,17.59336302,0,52.78008907,0,0,0,0,0,0,0,0,0,0,0,0,0,0,0,0,0,17.59336302,17.59336302,0,0,0,0,0,0,0,0,0,0,0,17.59336302,0,123.1535412,0,17.59336302,0,0,0,0,0,0,17.59336302,0,0,0,0,0,0,0,0,0,0,0,0,0,0,0,0,0,0,35.18672605,52.78008907,0,0,0,0,0,0,0,0,0,0,0,0,0,0,0,0,0,0,0,17.59336302,0,35.18672605,0,0,0,0,52.78008907,0,0,0,0,0,0,0,0,0,0,0,0,0,0,0,0,0,0,0,0,0,0,0,0,0,0,0,263.9004454
Sew3,Dead_coral,1.35184777,0.333333333,23.03161111,2.722,2.870976521,2.870976521,0.916930738,12.03814714,0.852605968,0,0,0,0,1583.559332,143.9599393,143.9599393,143.9599393,0,143.9599393,0,0,0,0,0,0,0,287.9198785,0,0,0,0,0,0,0,0,0,0,0,0,719.7996964,287.9198785,287.9198785,0,0,863.7596356,0,2303.359028,0,143.9599393,0,143.9599393,0,0,0,0,287.9198785,0,0,0,0,0,0,0,0,0,0,143.9599393,0,0,431.8798178,0,287.9198785,0,0,143.9599393,0,0,1871.479211,0,0,0,0,0,0,287.9198785,0,0,0,143.9599393,0,0,0,0,143.9599393,0,0,0,287.9198785,0,0,0,0,143.9599393,0,143.9599393,431.8798178,0,143.9599393,0,0,0,0,0,0,0,0,0,0,0,0,0,0,0,0,0,287.9198785,0,0,0,0,1151.679514
Sew3,Dead_coral,1.35184777,0.333333333,23.03161111,2.722,2.706633259,2.706633259,0.909922268,11.10152284,0.875637685,0,0,47.02713933,0,235.1356966,0,0,0,0,0,0,0,0,0,0,47.02713933,0,0,0,0,0,0,47.02713933,0,0,0,0,0,0,0,47.02713933,0,188.1085573,0,0,470.2713933,0,752.4342292,0,0,0,0,0,0,0,329.1899753,0,0,0,0,0,0,0,0,0,0,0,94.05427865,0,0,0,0,0,0,0,94.05427865,0,0,94.05427865,0,0,0,0,0,0,188.1085573,0,0,0,0,0,0,0,0,0,0,47.02713933,0,141.081418,0,0,0,0,376.2171146,0,0,47.02713933,0,0,0,0,0,0,0,0,0,0,0,94.05427865,0,0,0,0,0,47.02713933,0,47.02713933,0,0,0,188.1085573,188.1085573
Sew3,Dead_coral,1.35184777,0.333333333,23.03161111,2.722,2.819542225,2.819542225,0.915823914,11.87985866,0.875940042,0,0,39.11096198,0,58.66644297,0,0,0,0,0,0,0,0,0,0,0,0,0,0,0,0,0,39.11096198,0,19.55548099,0,0,0,0,0,58.66644297,19.55548099,19.55548099,0,0,58.66644297,0,312.8876958,0,19.55548099,0,0,0,0,0,195.5548099,39.11096198,0,0,0,0,0,0,0,0,0,0,0,0,0,0,0,0,0,19.55548099,39.11096198,0,19.55548099,117.3328859,0,0,0,0,0,0,39.11096198,0,0,0,19.55548099,0,0,0,0,0,0,0,0,97.77740495,0,0,19.55548099,0,117.3328859,0,0,0,0,0,0,0,0,0,0,0,0,39.11096198,0,19.55548099,0,0,0,0,0,39.11096198,0,0,0,0,0,0,136.8883669
Sew4,Dead_coral,7.050510172,3.708333333,59.43505556,2.666,2.672308532,2.672308532,0.868354749,7.596172249,0.778194085,0,0,94.78748034,0,739.3423466,0,0,0,0,0,18.95749607,0,0,0,0,18.95749607,0,113.7449764,0,0,0,0,0,0,0,18.95749607,0,0,0,0,18.95749607,0,0,0,37.91499213,113.7449764,0,37.91499213,0,18.95749607,0,0,18.95749607,0,18.95749607,0,56.8724882,0,0,18.95749607,0,18.95749607,0,0,0,0,0,0,0,0,0,94.78748034,18.95749607,0,18.95749607,0,0,0,0,0,0,0,0,0,75.82998427,0,0,0,0,0,0,0,75.82998427,0,0,0,0,0,75.82998427,0,0,0,0,56.8724882,18.95749607,0,0,0,0,0,0,0,37.91499213,0,18.95749607,18.95749607,322.2774331,0,0,0,0,0,0,0,18.95749607,0,18.95749607,0,0,0,0,151.6599685
Sew4,Dead_coral,7.050510172,3.708333333,59.43505556,2.666,2.984116177,2.984116177,0.936782997,15.81852913,0.868994553,0,0,0,0,486.7429641,0,0,0,0,0,0,0,0,0,0,126.9764254,0,0,0,0,0,0,63.4882127,21.16273757,126.9764254,21.16273757,0,0,0,148.139163,296.278326,0,0,0,0,211.6273757,0,253.9528508,0,21.16273757,0,0,0,0,0,42.32547514,275.1155884,0,0,105.8136878,0,21.16273757,21.16273757,0,0,0,0,42.32547514,0,0,0,0,0,0,21.16273757,0,0,0,0,0,0,0,21.16273757,0,190.4646381,0,0,0,0,42.32547514,0,0,63.4882127,0,0,0,0,0,232.7901132,0,0,0,0,275.1155884,0,0,0,21.16273757,0,0,0,0,0,0,0,21.16273757,317.4410635,0,21.16273757,0,0,0,0,0,0,21.16273757,42.32547514,0,0,0,0,275.1155884
Sew4,Dead_coral,7.050510172,3.708333333,59.43505556,2.666,2.227872027,2.227872027,0.814404432,5.388059701,0.786341075,0,0,1908.161318,0,10494.88725,0,954.0806591,0,0,0,0,0,0,0,0,0,0,0,0,0,0,0,0,0,0,0,0,0,0,477.0403296,0,0,0,0,0,0,0,477.0403296,0,477.0403296,0,0,0,0,954.0806591,0,0,1431.120989,0,0,0,0,0,0,0,0,0,0,0,0,0,0,0,0,0,0,477.0403296,0,0,0,477.0403296,0,0,0,0,0,0,0,0,0,0,0,0,0,0,0,0,0,954.0806591,477.0403296,0,0,0,1431.120989,477.0403296,0,0,0,0,0,0,0,0,0,0,0,0,0,0,477.0403296,0,0,0,0,0,0,3339.282307,0,0,0,0,1908.161318
Ngk_M,Live_A,0,0,32.90316667,1.434,1.153741943,1.153741943,0.612244898,2.578947368,0.83224889,0,0,0,0,0,0,0,0,0,0,0,0,0,0,0,0,0,0,0,0,0,0,0,0,0,0,0,0,0,0,75.87266572,0,0,0,0,75.87266572,0,0,0,75.87266572,0,0,0,0,0,0,0,0,0,0,0,0,0,0,0,0,0,0,0,0,0,0,0,0,0,0,0,0,0,0,0,0,0,0,0,0,0,0,0,0,0,0,0,0,0,0,0,0,0,0,0,0,0,0,0,0,0,0,0,0,0,0,0,0,0,0,0,0,0,303.4906629,0,0,0,0,0,0,0,0,0,0,0,0
Ngk_M,Live_A,0,0,32.90316667,1.434,1.039720771,1.039720771,0.625,2.666666667,0.94639463,0,0,0,0,0,0,0,0,0,0,0,0,0,0,0,0,0,0,0,0,0,0,0,0,0,0,0,0,0,0,0,0,0,0,0,0,0,0,0,345.9831358,0,0,0,0,0,0,0,0,0,0,0,0,0,0,0,0,0,0,0,0,0,0,0,0,0,0,0,0,0,0,0,0,0,0,0,345.9831358,0,0,0,0,0,0,0,0,0,0,0,0,0,0,0,0,0,0,0,0,0,0,0,0,0,0,0,0,0,0,0,0,0,691.9662716,0,0,0,0,0,0,0,0,0,0,0,0
Ngk_M,Live_A,0,0,32.90316667,1.434,0.500402424,0.500402424,0.32,1.470588235,0.721928095,0,0,0,0,0,0,0,0,0,0,0,0,0,0,0,0,0,0,0,0,0,0,0,0,0,0,0,0,0,0,0,0,0,0,0,0,0,0,0,89.56702787,0,0,0,0,0,0,0,0,0,0,0,0,0,0,0,0,0,0,0,0,0,0,0,0,0,0,0,0,0,0,0,0,0,0,0,0,0,0,0,0,0,0,0,0,0,0,0,0,0,0,0,0,0,0,0,0,0,0,0,0,0,0,0,0,0,0,0,0,0,358.2681115,0,0,0,0,0,0,0,0,0,0,0,0
Ngk_N,Live_A,0.274408649,0.083333333,20.29016667,2.274,1.039720771,1.039720771,0.625,2.666666667,0.94639463,0,0,0,0,0,0,0,0,0,0,0,0,0,0,0,0,0,0,0,0,0,0,0,0,0,0,0,0,0,0,0,0,0,0,0,0,0,0,0,62.51445987,0,0,0,0,0,0,0,0,0,0,0,0,0,0,0,0,0,0,0,0,0,0,0,0,0,0,0,0,0,0,0,0,0,0,0,0,0,0,0,0,0,0,0,0,0,0,0,0,0,0,0,0,0,0,0,0,0,0,0,0,31.25722993,0,0,0,0,0,0,0,0,31.25722993,0,0,0,0,0,0,0,0,0,0,0,0
Ngk_N,Live_A,0.274408648,0.083333333,20.29016667,2.274,1.011404265,1.011404265,0.611111111,2.571428571,0.920619836,0,0,22.20617542,0,0,0,0,0,0,0,0,0,0,0,0,0,0,0,0,0,0,0,0,0,0,0,0,0,0,0,0,0,0,0,0,0,0,0,0,66.61852625,0,0,0,0,0,0,0,0,0,0,0,0,0,0,0,0,0,0,0,0,0,0,0,0,0,0,0,0,0,0,0,0,0,0,0,0,0,0,0,0,0,0,0,0,0,0,0,0,0,0,0,0,0,0,0,0,0,0,0,0,0,0,0,0,0,0,0,0,0,44.41235084,0,0,0,0,0,0,0,0,0,0,0,0
Ngk_N,Live_A,0.274408648,0.083333333,20.29016667,2.274,1.559581156,1.559581156,0.78125,4.571428571,0.969022256,0,0,0,0,0,0,0,0,0,0,0,0,0,0,0,0,0,0,0,0,0,0,0,0,0,0,0,0,0,0,16.68282757,0,0,0,0,0,0,0,0,33.36565514,0,0,0,0,0,0,0,0,0,0,0,0,0,0,0,33.36565514,0,0,0,0,0,0,0,0,0,0,16.68282757,0,0,0,0,0,0,0,0,0,0,0,0,0,0,0,0,0,0,0,0,0,0,0,0,0,0,0,0,0,0,0,0,0,0,0,0,0,0,0,0,0,0,33.36565514,0,0,0,0,0,0,0,0,0,0,0,0
SDO,Live_A,4.265997491,1.416666667,23.052,2.006,0.636514168,0.636514168,0.444444444,1.8,0.918295834,0,0,0,0,0,0,0,0,0,0,0,0,0,0,0,0,0,0,0,0,0,0,0,0,0,0,0,0,0,0,0,0,0,0,0,0,0,0,0,43.80053908,0,0,0,0,0,0,0,0,0,0,0,0,0,0,0,0,0,0,0,0,0,0,0,0,0,0,0,0,0,0,0,0,0,0,0,0,0,0,0,0,0,0,0,0,0,0,0,0,0,0,0,0,0,0,0,0,0,0,0,0,0,0,0,0,0,0,0,0,0,87.60107817,0,0,0,0,0,0,0,0,0,0,0,0
SDO,Live_A,4.265997491,1.416666667,23.052,2.006,0.636514168,0.636514168,0.444444444,1.8,0.918295834,0,0,0,0,0,0,0,0,0,0,0,0,0,0,0,0,0,0,0,0,0,0,0,0,0,0,0,0,0,0,0,0,0,0,0,0,0,0,0,0,0,0,0,0,0,0,0,0,0,0,0,0,0,0,0,0,0,0,0,0,0,0,0,0,0,0,0,0,75.17579571,0,0,0,0,0,0,0,0,0,0,0,0,0,0,0,0,0,0,0,0,0,0,0,0,0,0,0,0,0,0,0,0,0,0,0,0,0,0,0,0,150.3515914,0,0,0,0,0,0,0,0,0,0,0,0
SDO,Live_A,4.265997491,1.416666667,23.052,2.006,0.636514168,0.636514168,0.444444444,1.8,0.918295834,0,0,0,0,0,0,0,0,0,0,0,0,0,0,0,0,0,0,0,0,0,0,0,0,0,0,0,0,0,0,0,0,0,0,0,0,0,0,0,0,0,0,0,0,0,0,0,0,0,0,0,0,0,0,0,0,0,0,0,0,0,0,0,0,0,0,0,0,0,0,0,0,0,0,0,0,0,0,0,0,0,0,0,0,0,0,0,0,0,0,0,0,0,0,0,0,0,0,0,0,63.84067621,0,0,0,0,0,0,0,0,127.6813524,0,0,0,0,0,0,0,0,0,0,0,0
Sew1,Live_A,0.72749318,0.08,18.22261111,3.006,0.950270539,0.950270539,0.56,2.272727273,0.864973521,0,0,0,0,0,0,0,0,0,0,0,0,0,0,0,0,0,0,0,0,0,0,0,0,0,0,0,0,0,0,0,0,0,0,0,0,0,0,0,0,0,0,0,0,0,0,0,0,0,0,0,0,0,0,0,0,0,26.42706131,0,0,0,0,0,0,0,0,0,0,0,0,0,0,0,0,0,0,0,0,0,0,0,0,0,0,0,0,0,0,0,0,0,0,0,0,0,0,0,0,0,0,26.42706131,0,0,0,0,0,0,0,0,79.28118393,0,0,0,0,0,0,0,0,0,0,0,0
Sew1,Live_A,0.72749318,0.08,18.22261111,3.006,2.007556307,2.007556307,0.857142857,7,0.96543051,0,0,0,0,0,0,0,0,0,0,0,0,0,0,0,0,0,0,0,0,0,0,0,0,0,0,0,0,0,0,0,0,0,0,0,0,0,0,0,82.88230291,0,0,0,0,0,41.44115146,0,0,0,0,0,0,0,0,0,41.44115146,0,0,0,0,0,0,0,0,0,124.3234544,0,0,0,0,82.88230291,0,0,0,0,41.44115146,0,0,0,0,0,0,0,0,0,0,0,0,0,0,0,82.88230291,0,0,0,0,0,0,0,0,0,0,0,0,0,0,0,0,0,82.88230291,0,0,0,0,0,0,0,0,0,0,0,0
Sew1,Live_A,0.72749318,0.08,18.22261111,3.006,1.735126457,1.735126457,0.814814815,5.4,0.968392514,0,0,0,0,0,0,0,0,0,0,0,0,0,0,0,0,0,0,0,0,0,0,0,0,0,0,0,0,0,0,0,0,0,0,0,0,0,0,0,95.54001824,0,0,0,0,0,0,0,0,0,47.77000912,0,0,0,0,0,0,0,0,0,0,0,0,0,0,0,0,0,0,0,0,47.77000912,0,0,0,0,95.54001824,0,0,0,0,0,0,0,0,0,0,0,0,0,0,0,0,0,0,0,0,47.77000912,0,0,0,0,0,0,0,0,0,0,0,0,95.54001824,0,0,0,0,0,0,0,0,0,0,0,0
Sew2,Live_A,0.912863071,0.229166667,14.42238889,3.108,1.329661349,1.329661349,0.722222222,3.6,0.959147917,0,0,0,0,0,0,0,0,0,0,0,0,0,0,0,0,0,0,0,0,0,0,0,0,0,0,0,0,0,0,0,0,0,0,0,0,0,0,0,0,0,0,0,0,0,0,0,0,0,19.98934107,0,0,0,0,0,0,0,0,0,0,0,0,0,0,0,0,0,0,0,0,0,0,0,0,0,39.97868214,0,0,0,0,0,0,19.98934107,0,0,0,0,0,0,0,0,0,0,0,0,0,0,0,0,0,0,0,0,0,0,0,0,0,0,39.97868214,0,0,0,0,0,0,0,0,0,0,0,0
Sew2,Live_A,0.912863072,0.229166667,14.42238889,3.108,0.885574152,0.885574152,0.446280992,1.805970149,0.638806718,0,0,17.69919601,0,0,0,0,0,0,0,0,0,0,0,0,0,0,0,0,0,0,0,0,0,0,0,0,0,0,0,0,0,0,0,0,0,0,0,0,0,0,0,0,0,0,0,0,0,0,17.69919601,0,0,0,0,0,0,0,0,0,0,0,0,0,0,0,0,0,0,0,0,0,0,0,0,0,17.69919601,0,0,0,0,0,0,0,0,0,0,0,0,0,0,0,0,0,0,0,0,0,0,0,0,0,0,0,0,0,0,0,0,0,141.5935681,0,0,0,0,0,0,0,0,0,0,0,0
Sew2,Live_A,0.912863072,0.229166667,14.42238889,3.108,1.412744637,1.412744637,0.721893491,3.595744681,0.877787596,0,0,0,0,0,0,0,0,0,0,0,0,0,0,0,0,0,0,0,0,0,0,0,0,0,0,0,0,0,0,0,0,0,0,0,0,0,0,0,21.1154479,0,0,0,0,0,0,0,0,0,0,0,0,0,0,0,0,0,0,0,0,0,0,0,0,0,0,0,0,0,0,0,0,0,0,0,84.4617916,0,0,0,0,0,0,0,0,0,0,0,0,21.1154479,0,0,0,0,0,0,0,0,0,0,0,0,0,0,0,0,0,0,0,0,105.5772395,0,0,0,0,0,0,0,0,0,0,0,42.2308958
Sew3,Live_A,0,0,23.03161111,2.722,0.562335145,0.562335145,0.375,1.6,0.811278124,0,0,0,0,0,0,0,0,0,0,0,0,0,0,0,0,0,0,0,0,0,0,0,0,0,0,0,0,0,0,0,0,0,0,0,0,0,0,0,0,0,0,0,0,0,0,0,0,0,0,0,0,0,0,0,0,0,0,0,0,0,0,0,0,0,0,0,0,0,0,0,0,0,0,0,16.10328458,0,0,0,0,0,0,0,0,0,0,0,0,0,0,0,0,0,0,0,0,0,0,0,0,0,0,0,0,0,0,0,0,0,0,0,48.30985375,0,0,0,0,0,0,0,0,0,0
Sew3,Live_A,0,0,23.03161111,2.722,1.277034259,1.277034259,0.693877551,3.266666667,0.921185497,0,0,0,0,0,0,0,0,0,0,0,0,0,0,0,0,0,0,0,0,0,0,0,0,0,0,0,0,0,0,0,0,0,0,0,0,0,0,0,103.9433384,0,0,0,0,0,0,0,0,0,0,0,0,0,0,0,0,0,0,0,0,0,0,0,0,0,0,0,51.9716692,0,0,0,0,0,0,0,0,0,0,0,0,0,0,0,0,0,0,0,0,0,0,0,0,0,0,0,0,0,0,0,0,0,0,0,0,0,0,0,0,0,155.9150076,0,0,0,0,0,0,51.9716692,0,0,0,0,0
Sew3,Live_A,0,0,23.03161111,2.722,0.636514168,0.636514168,0.444444444,1.8,0.918295834,0,0,0,0,0,0,0,0,0,0,0,0,0,0,0,0,0,0,0,0,0,0,0,0,0,0,0,0,0,0,0,0,0,0,0,0,0,0,0,68.62307898,0,0,0,0,0,0,0,0,0,0,0,0,0,0,0,0,0,0,0,0,0,0,0,0,0,0,0,0,0,0,0,0,0,0,0,0,0,0,0,0,0,0,0,0,0,0,0,0,0,0,0,0,0,0,0,0,0,0,0,0,0,0,0,0,0,0,0,0,0,137.246158,0,0,0,0,0,0,0,0,0,0,0,0
Sew4,Live_A,69.87134799,36.75,59.43505556,2.666,1.549826046,1.549826046,0.775510204,4.454545455,0.962961065,0,0,0,0,0,0,0,0,0,0,0,0,0,0,0,0,0,0,0,0,0,0,0,0,0,0,0,0,0,0,0,0,0,0,0,0,0,0,0,22.97080793,0,0,0,0,0,0,0,0,0,0,0,0,0,0,11.48540397,0,0,0,0,0,0,0,0,0,0,0,0,0,0,0,0,0,0,0,0,11.48540397,0,0,0,0,0,0,0,0,0,0,0,0,0,0,11.48540397,0,0,0,0,0,0,0,0,0,0,0,0,0,0,0,0,0,0,22.97080793,0,0,0,0,0,0,0,0,0,0,0,0
Sew4,Live_A,69.87134799,36.75,59.43505556,2.666,1.951848439,1.951848439,0.817777778,5.487804878,0.888324507,0,0,0,0,0,0,0,0,0,0,0,0,0,0,0,0,0,0,0,0,0,0,0,0,0,0,0,0,0,0,0,0,0,0,0,0,0,51.58021444,0,51.58021444,0,0,0,0,0,0,0,0,0,0,0,0,0,0,0,0,0,0,0,0,0,0,0,0,0,51.58021444,0,0,51.58021444,0,0,0,0,0,0,257.9010722,0,0,0,0,0,0,0,0,0,0,0,0,0,0,0,0,0,51.58021444,0,0,0,0,0,0,0,0,0,0,0,0,0,0,51.58021444,51.58021444,0,154.7406433,0,0,0,0,0,0,0,0,0,0
Sew4,Live_A,69.87134799,36.75,59.43505556,2.666,2.056795406,2.056795406,0.822829964,5.644295302,0.857750307,0,0,82.92524199,0,0,0,0,41.462621,0,0,0,0,0,0,0,0,0,0,0,0,0,0,0,0,0,0,0,0,0,0,82.92524199,0,0,0,0,0,0,207.313105,0,82.92524199,0,0,0,0,0,41.462621,0,0,0,0,0,0,41.462621,0,0,0,0,0,0,0,0,0,0,0,0,0,0,0,0,0,0,0,0,0,0,414.62621,0,0,0,41.462621,0,0,0,0,0,0,0,0,0,0,0,0,0,82.92524199,0,0,0,0,0,0,0,0,0,0,0,0,0,0,0,82.92524199,0,0,0,0,0,0,0,0,0,0,0,0
Ngk_M,Live_P,2.654867257,0.5,32.90316667,1.434,1.632362416,1.632362416,0.716161159,3.523125997,0.785000387,0,0,74.97732582,0,0,0,0,0,0,0,0,0,0,0,0,0,0,0,0,0,0,0,0,0,0,0,0,0,0,0,74.97732582,0,0,0,0,0,0,0,0,0,0,0,0,0,0,0,0,0,0,0,0,0,0,0,0,44.98639549,0,0,0,0,0,0,0,0,0,0,0,29.99093033,14.99546516,0,0,0,0,0,0,44.98639549,0,0,0,0,0,0,0,0,0,0,0,0,0,0,0,0,0,0,0,0,0,0,0,0,0,0,0,0,0,0,0,0,0,0,0,344.8956988,0,0,0,0,0,0,0,0,0,74.97732582
Ngk_M,Live_P,2.654867256,0.5,32.90316667,1.434,2.114091232,2.114091232,0.817460317,5.47826087,0.801078176,0,0,672.146259,0,112.0243765,0,0,0,0,0,0,0,0,0,0,0,0,0,0,0,0,0,0,0,0,0,0,224.048753,0,0,672.146259,0,0,0,0,0,0,0,0,224.048753,0,0,0,0,0,0,112.0243765,0,0,0,0,0,0,0,0,336.0731295,0,0,0,0,0,0,0,0,0,112.0243765,0,112.0243765,0,0,0,0,0,0,0,112.0243765,0,0,0,0,0,0,0,0,112.0243765,0,0,0,0,0,0,112.0243765,0,0,0,0,0,0,0,0,0,0,0,0,0,0,0,0,0,0,0,1680.365648,0,0,0,0,112.0243765,0,0,0,0,0
Ngk_M,Live_P,2.654867256,0.5,32.90316667,1.434,1.414279065,1.414279065,0.710743802,3.457142857,0.87874099,0,0,36.45256168,0,0,0,0,0,0,0,0,0,0,0,0,0,0,0,0,0,0,0,0,0,0,0,0,0,0,0,91.13140419,0,0,0,0,0,0,0,0,0,0,0,0,0,0,0,0,0,0,0,0,0,0,0,0,18.22628084,0,0,0,0,0,0,0,0,0,18.22628084,0,0,0,0,0,0,0,0,0,0,0,0,0,0,0,0,0,0,0,0,0,0,0,0,0,0,0,0,0,0,0,0,0,0,0,0,0,0,0,0,0,0,0,0,0,36.45256168,0,0,0,0,0,0,0,0,0,0
Ngk_N,Live_P,0.823225948,0.25,20.29016667,2.274,1.329661349,1.329661349,0.722222222,3.6,0.959147917,0,0,40.49458561,0,0,0,0,0,0,0,0,0,0,0,0,0,0,0,0,0,0,0,0,0,0,0,0,0,0,0,0,0,0,0,0,0,0,0,0,0,0,0,0,0,0,0,0,0,0,0,0,0,0,0,0,20.2472928,0,0,0,0,0,0,0,0,0,0,0,0,0,0,0,0,0,0,0,20.2472928,0,0,0,0,0,0,0,0,0,0,0,0,0,0,0,0,0,0,0,0,0,0,0,0,0,0,0,0,0,0,0,0,0,0,0,40.49458561,0,0,0,0,0,0,0,0,0,0
Ngk_N,Live_P,0.823225948,0.25,20.29016667,2.274,1.251058332,1.251058332,0.642722117,2.798941799,0.777326247,0,0,27.66075829,0,0,0,0,0,0,0,0,0,0,0,0,0,0,0,0,0,0,0,0,0,0,0,0,0,0,0,55.32151659,0,0,0,0,0,0,0,0,0,0,0,0,0,0,0,0,0,0,0,0,0,0,0,0,165.9645498,0,0,0,0,0,0,0,0,0,0,0,0,0,0,0,0,0,0,0,0,0,0,0,0,0,0,0,0,0,0,0,0,0,0,0,0,0,0,0,0,0,0,0,0,0,0,0,0,0,0,0,0,0,0,0,331.9290995,0,0,0,0,0,0,0,0,0,55.32151659
Ngk_N,Live_P,0.823225948,0.25,20.29016667,2.274,1.769218622,1.769218622,0.751486326,4.023923445,0.805206095,0,0,32.62431585,0,0,0,0,0,0,0,0,0,0,0,0,0,0,0,0,0,0,0,0,0,0,0,0,0,0,0,48.93647378,0,0,0,0,0,0,0,0,16.31215793,0,0,0,0,0,0,0,0,0,0,0,0,0,0,0,32.62431585,0,0,0,0,0,0,0,0,0,0,0,16.31215793,32.62431585,0,0,0,0,0,0,65.24863171,0,0,0,0,0,0,0,0,0,0,0,0,0,0,0,0,0,0,0,0,0,0,0,0,16.31215793,0,0,0,0,0,0,0,0,0,0,212.0580531,0,0,0,0,0,0,0,0,0,0
Ngk_S,Live_P,3.137254902,0.333333333,29.38377778,1.86,1.894312025,1.894312025,0.817777778,5.487804878,0.910971521,0,0,42.32125379,0,0,0,0,0,0,0,0,0,0,0,0,0,0,0,0,0,0,0,0,0,0,0,0,0,0,0,42.32125379,0,0,0,0,0,21.1606269,0,0,0,0,0,0,0,0,0,0,0,0,0,0,0,0,0,0,0,0,0,0,0,0,0,0,0,0,21.1606269,0,0,0,0,42.32125379,0,0,0,0,21.1606269,0,0,0,0,0,0,0,0,0,0,0,0,0,0,0,0,0,0,0,0,0,0,0,0,21.1606269,0,0,0,0,0,0,0,0,0,0,105.8031345,0,0,0,0,0,0,0,0,0,0
Ngk_S,Live_P,3.137254899,0.333333333,29.38377778,1.86,1.277034259,1.277034259,0.693877551,3.266666667,0.921185497,0,0,53.64280349,0,0,0,0,0,0,0,0,0,0,0,0,0,0,0,0,0,0,0,0,0,0,0,0,0,0,0,0,0,0,0,0,0,0,0,0,0,0,0,0,0,0,0,0,0,0,0,0,0,0,0,0,0,0,0,0,0,0,0,0,0,0,0,0,0,26.82140174,0,0,0,0,0,0,0,0,0,0,0,0,0,0,0,0,0,0,0,0,0,0,0,0,0,0,0,0,0,0,0,26.82140174,0,0,0,0,0,0,0,0,0,0,80.46420523,0,0,0,0,0,0,0,0,0,0
Ngk_S,Live_P,3.137254899,0.333333333,29.38377778,1.86,1.918386106,1.918386106,0.834710744,6.05,0.922548707,0,0,144.3391778,0,0,0,0,0,0,0,0,0,0,0,0,0,0,0,0,0,0,0,0,0,0,0,0,0,0,0,0,0,0,0,0,0,0,0,0,0,0,0,0,0,0,0,0,0,72.16958891,0,0,0,0,0,0,360.8479446,0,0,0,0,0,0,0,0,0,360.8479446,0,0,144.3391778,0,72.16958891,0,0,0,0,144.3391778,0,0,0,0,0,0,0,0,0,0,0,0,0,0,0,0,0,0,0,0,0,0,0,0,0,0,0,0,0,0,0,0,0,0,0,288.6783556,0,0,0,0,0,0,0,0,0,0
SDO,Live_P,5.646173149,1.875,23.052,2.006,2.18318727,2.18318727,0.858024691,7.043478261,0.910459808,0,0,86.36210606,0,0,0,0,0,0,0,0,0,0,0,0,0,0,0,0,0,0,0,0,0,0,0,0,0,0,0,86.36210606,0,0,0,0,0,0,0,0,0,0,0,0,0,0,0,0,0,0,0,0,0,0,0,0,0,0,0,0,0,0,0,0,0,0,86.36210606,0,0,0,0,0,0,0,0,0,0,0,0,0,0,0,0,0,0,0,0,0,0,0,0,0,0,0,0,0,0,0,0,0,0,0,0,0,0,0,0,0,0,0,0,0,129.5431591,0,0,0,0,0,0,0,0,0,0
SDO,Live_P,5.646173149,1.875,23.052,2.006,1.920227011,1.920227011,0.798353909,4.959183673,0.833943995,0,0,24.63259853,0,0,0,0,0,0,0,0,0,0,0,0,0,0,0,0,0,0,0,24.63259853,0,0,0,0,0,0,0,0,0,0,24.63259853,0,0,0,24.63259853,0,24.63259853,0,0,0,0,0,0,0,0,0,0,0,0,0,0,0,123.1629927,0,0,0,0,0,0,0,0,0,24.63259853,0,0,0,0,0,0,0,0,0,49.26519706,0,0,0,0,0,0,0,0,0,0,0,0,0,0,0,0,0,24.63259853,0,0,0,0,0,0,0,0,0,0,0,0,0,24.63259853,0,0,0,73.89779559,0,0,0,0,0,0,0,0,0,0
SDO,Live_P,5.646173149,1.875,23.052,2.006,1.368922361,1.368922361,0.740740741,3.857142857,0.987468751,0,0,0,0,0,0,0,0,0,0,0,0,0,0,0,0,0,0,0,0,0,0,0,0,0,0,0,0,0,0,91.61490683,0,0,0,0,0,0,0,0,45.80745342,0,0,0,0,0,0,0,0,137.4223602,0,0,0,0,0,0,229.0372671,0,0,0,0,0,0,0,0,0,0,0,0,0,0,0,0,0,0,0,91.61490683,0,0,0,0,0,0,0,0,45.80745342,0,0,0,45.80745342,0,0,0,0,0,0,0,0,0,0,0,45.80745342,0,0,0,0,0,0,0,0,0,0,458.0745342,0,0,0,0,45.80745342,0,0,0,0,0
Sew1,Live_P,0,0,18.22261111,3.006,1.551969243,1.551969243,0.712018141,3.472440945,0.797554421,0,0,35.03878013,0,0,0,0,0,0,0,0,0,0,0,0,0,0,0,0,0,0,0,0,0,0,0,0,0,0,0,0,0,0,0,0,0,0,0,0,0,0,0,0,0,0,0,0,0,0,0,0,0,0,0,0,175.1939006,17.51939006,0,0,0,0,0,0,0,0,0,0,0,0,0,35.03878013,0,0,0,0,17.51939006,0,0,0,17.51939006,0,0,0,0,0,0,0,0,0,0,0,0,0,0,0,0,0,0,0,0,0,0,0,0,0,0,0,0,0,0,0,70.07756025,0,0,0,0,0,0,0,0,0,0
Sew1,Live_P,0,0,18.22261111,3.006,1.331660287,1.331660287,0.6875,3.2,0.827407057,0,0,26.50392736,0,0,0,0,0,0,0,0,0,0,0,0,0,0,0,0,0,0,0,0,0,0,0,0,0,0,0,0,0,0,0,0,0,0,0,0,13.25196368,0,0,0,0,0,0,0,0,0,0,0,0,0,0,0,0,0,0,0,0,0,0,0,0,0,0,0,0,0,0,0,0,0,0,0,66.25981839,0,0,0,13.25196368,0,0,0,0,0,0,0,0,0,0,0,0,0,0,0,0,0,0,0,0,0,0,0,0,0,0,0,0,0,0,0,92.76374575,0,0,0,0,0,0,0,0,0,0
Sew1,Live_P,0,0,18.22261111,3.006,1.656551127,1.656551127,0.791111111,4.787234043,0.924538787,0,0,35.74321444,0,0,0,0,0,0,0,0,0,0,0,0,0,0,0,0,0,0,0,0,0,0,0,0,0,0,0,0,0,0,0,0,0,0,0,0,0,0,0,0,0,0,0,0,0,0,0,0,0,0,0,0,71.48642888,0,0,0,0,0,0,0,0,0,0,0,17.87160722,0,0,0,0,0,0,0,53.61482166,0,0,0,17.87160722,0,0,0,0,0,0,0,0,0,0,0,0,0,0,0,0,0,0,0,0,0,0,0,0,0,0,0,0,0,0,0,71.48642888,0,0,0,0,0,0,0,0,0,0
Sew2,Live_P,0.580912863,0.145833333,14.42238889,3.108,1.197340134,1.197340134,0.663265306,2.96969697,0.863698337,0,0,56.82771934,0,0,0,0,0,0,0,0,0,0,0,0,0,0,0,0,0,0,0,0,0,0,0,0,0,0,0,0,0,0,0,0,0,0,0,0,56.82771934,0,0,0,0,0,0,0,0,0,85.24157901,0,0,0,0,0,85.24157901,0,0,0,0,0,0,0,0,0,56.82771934,0,28.41385967,0,0,0,0,0,0,0,85.24157901,0,0,0,0,0,0,0,0,0,0,0,0,0,0,0,0,0,0,0,0,0,0,0,0,0,0,0,0,0,0,0,0,0,0,0,227.3108774,0,0,0,0,0,0,0,0,0,0
Sew2,Live_P,0.580912862,0.145833333,14.42238889,3.108,1.816025311,1.816025311,0.739229025,3.834782609,0.788689772,0,0,18.7431328,0,0,0,0,0,0,0,0,0,0,0,0,0,0,0,0,0,0,0,0,0,0,0,0,0,0,0,0,0,0,0,0,0,0,0,0,0,0,0,0,0,0,0,0,0,0,0,0,0,0,0,0,0,0,0,0,0,0,0,0,0,0,0,0,9.371566402,0,0,0,0,0,0,0,56.22939841,0,0,0,0,0,0,0,0,0,0,0,0,0,0,0,0,0,0,0,0,0,0,0,0,0,0,0,0,0,0,0,0,0,0,0,46.85783201,0,0,0,0,0,0,0,0,0,0
Sew2,Live_P,0.580912862,0.145833333,14.42238889,3.108,1.899640246,1.899640246,0.819444444,5.538461538,0.913533854,0,0,28.30652738,0,0,0,0,0,0,0,0,0,0,0,0,0,0,0,0,0,0,0,0,0,0,0,0,0,0,0,0,0,0,0,0,14.15326369,14.15326369,0,0,14.15326369,0,0,0,0,0,0,0,0,0,0,0,0,0,0,0,28.30652738,0,0,0,0,0,0,0,0,0,14.15326369,0,14.15326369,0,0,0,0,0,0,0,14.15326369,0,0,0,0,0,0,0,0,0,0,0,0,0,0,0,0,0,0,0,0,0,0,0,0,0,0,0,0,0,0,0,0,0,0,0,141.5326369,0,0,0,0,0,0,0,0,0,14.15326369
Sew3,Live_P,2.196752627,0.541666667,23.03161111,2.722,1.054920168,1.054920168,0.64,2.777777778,0.960229718,0,0,978.832742,489.416371,0,0,0,0,0,0,0,0,0,0,0,0,0,0,0,0,0,0,0,0,0,0,0,0,0,0,0,0,0,0,0,0,0,0,0,0,0,0,0,0,0,0,0,0,0,0,0,0,0,0,0,978.832742,0,0,0,0,0,0,0,0,0,489.416371,0,0,0,0,0,0,0,0,0,0,0,0,0,0,0,0,0,0,0,0,0,0,0,0,0,0,0,0,0,0,0,0,0,0,0,0,0,0,0,0,0,0,0,0,0,978.832742,0,0,0,0,0,0,0,0,0,0
Sew3,Live_P,2.196752627,0.541666667,23.03161111,2.722,1.559581156,1.559581156,0.78125,4.571428571,0.969022256,0,0,103.6950828,0,0,0,0,0,0,0,0,0,0,0,0,0,0,0,0,0,0,0,0,0,0,0,0,0,0,0,20.73901656,0,0,0,0,0,20.73901656,0,0,41.47803311,0,0,0,0,0,0,0,0,0,0,0,0,0,0,0,82.95606622,0,0,0,0,0,0,0,0,0,0,0,0,0,0,0,0,0,0,0,20.73901656,0,0,0,0,0,0,0,0,0,0,0,0,0,0,0,0,0,0,0,0,0,0,0,0,0,0,0,0,0,0,0,0,0,0,0,331.8242649,0,0,0,0,0,0,0,0,0,0
Sew3,Live_P,2.196752627,0.541666667,23.03161111,2.722,1.423194684,1.423194684,0.662222222,2.960526316,0.731377389,0,0,0,0,0,0,0,0,0,0,0,0,0,0,0,0,0,0,0,0,0,0,0,0,0,0,0,0,0,0,44.01295945,0,0,0,0,0,0,0,0,0,0,0,0,0,0,0,0,0,0,0,0,0,0,0,0,0,0,0,0,0,0,0,0,0,0,0,0,0,0,0,0,0,0,0,0,88.02591889,0,0,0,0,0,0,0,0,0,0,0,0,0,0,0,0,0,0,0,0,0,0,0,0,0,0,0,0,0,0,0,0,0,0,0,88.02591889,0,0,0,0,0,0,0,0,0,0
Sew4,Live_P,0.87141137,0.458333333,59.43505556,2.666,1.57748942,1.57748942,0.73553719,3.78125,0.810669198,0,0,64.14592637,0,0,0,0,0,0,0,0,0,0,0,0,0,0,0,0,0,0,0,0,0,0,0,0,0,0,0,0,0,0,0,0,0,0,0,0,32.07296318,0,0,0,0,0,0,0,0,32.07296318,0,0,0,0,0,0,288.6566687,0,0,0,0,0,0,0,0,0,0,0,0,0,0,0,0,0,0,0,64.14592637,0,0,0,0,0,0,0,0,0,0,0,0,0,0,0,0,0,0,0,0,0,0,0,0,0,0,0,0,0,0,0,0,0,0,0,192.4377791,0,0,0,0,0,0,0,0,0,32.07296318
Sew4,Live_P,0.87141137,0.458333333,59.43505556,2.666,1.310783678,1.310783678,0.716049383,3.52173913,0.945530556,0,0,59.81664637,0,0,0,0,0,0,0,0,0,0,0,0,0,0,0,0,0,0,0,0,0,0,0,0,0,0,0,0,0,0,0,0,0,0,0,0,0,0,0,0,0,0,0,0,0,0,0,0,0,0,0,0,89.72496956,0,0,0,0,0,0,0,0,0,29.90832319,0,0,0,0,0,0,0,0,0,0,0,0,0,0,0,0,0,0,0,0,0,0,0,0,0,0,0,0,0,0,0,0,0,0,0,0,0,0,0,0,0,0,0,0,0,89.72496956,0,0,0,0,0,0,0,0,0,0
Sew4,Live_P,0.87141137,0.458333333,59.43505556,2.666,1.787316042,1.787316042,0.775086505,4.446153846,0.85951733,0,0,34.98484021,0,17.4924201,0,0,0,0,0,0,0,0,0,0,0,0,0,0,0,0,0,0,0,0,0,0,0,0,0,17.4924201,0,0,0,0,0,0,17.4924201,0,0,0,0,0,0,0,0,0,0,0,0,0,0,0,0,0,34.98484021,0,0,0,0,0,0,0,0,0,17.4924201,0,0,0,0,0,0,0,0,0,34.98484021,0,0,0,0,0,0,0,0,0,0,0,0,0,0,0,0,0,0,0,0,0,0,0,0,0,0,0,0,0,0,0,0,0,0,0,122.4469407,0,0,0,0,0,0,0,0,0,0
Ngk_M,Rubble,94.46902655,17.79166667,32.90316667,1.434,2.868359946,2.868359946,0.910509356,11.1743525,0.827633734,0,0,554.5357197,0,2138.92349,0,158.4387771,0,0,0,79.21938854,0,158.4387771,0,0,0,0,0,0,0,79.21938854,0,158.4387771,0,475.3163312,0,0,0,0,0,237.6581656,0,0,0,0,79.21938854,158.4387771,1188.290828,0,79.21938854,0,0,0,0,0,237.6581656,554.5357197,0,0,79.21938854,0,158.4387771,316.8775541,0,0,0,0,79.21938854,0,0,0,0,0,158.4387771,0,0,0,0,0,0,396.0969427,0,0,0,0,79.21938854,0,0,0,0,158.4387771,0,0,0,79.21938854,0,0,0,633.7551083,0,0,0,79.21938854,1425.948994,0,0,0,0,0,0,0,0,0,79.21938854,0,0,79.21938854,0,158.4387771,0,0,0,0,0,158.4387771,0,0,0,0,0,0,79.21938854
Ngk_M,Rubble,94.46902655,17.79166667,32.90316667,1.434,2.827263042,2.827263042,0.923734385,13.11206897,0.889620879,0,0,133.1138057,0,532.4552228,0,66.55690285,0,0,0,66.55690285,0,0,0,0,0,0,0,0,133.1138057,0,0,0,0,133.1138057,0,0,66.55690285,66.55690285,0,0,0,0,0,0,66.55690285,0,465.8983199,0,199.6707085,0,0,0,133.1138057,0,0,199.6707085,0,0,0,66.55690285,0,0,0,0,0,0,66.55690285,0,0,0,0,0,0,0,0,0,0,0,0,199.6707085,0,0,0,0,332.7845142,0,0,0,0,0,0,0,0,0,0,0,0,599.0121256,0,0,0,0,732.1259313,0,0,0,0,66.55690285,0,0,0,0,133.1138057,0,0,532.4552228,0,133.1138057,0,66.55690285,0,0,0,0,0,0,0,0,0,0,0
Ngk_M,Rubble,94.46902655,17.79166667,32.90316667,1.434,3.086178916,3.086178916,0.925803403,13.47770701,0.868038477,91.46953498,0,91.46953498,0,823.2258148,0,182.93907,0,91.46953498,0,0,0,91.46953498,0,0,91.46953498,0,182.93907,91.46953498,0,0,0,91.46953498,91.46953498,91.46953498,0,0,0,0,182.93907,0,0,0,0,0,365.8781399,0,1554.982095,0,182.93907,0,0,182.93907,182.93907,0,0,274.4086049,0,0,0,182.93907,91.46953498,0,0,0,0,0,182.93907,0,0,0,0,182.93907,91.46953498,0,0,0,0,0,0,365.8781399,182.93907,0,0,182.93907,91.46953498,0,0,0,0,0,0,91.46953498,0,0,0,0,0,274.4086049,0,0,0,0,1097.63442,0,91.46953498,0,0,0,0,0,0,91.46953498,0,0,0,0,0,182.93907,0,0,0,0,0,91.46953498,0,0,0,0,0,0,0
Ngk_N,Rubble,98.3755008,29.875,20.29016667,2.274,2.76539252,2.76539252,0.86547272,7.433436533,0.805300764,0,182.3765693,0,60.79218978,121.5843796,0,0,0,0,0,0,0,0,0,243.1687591,60.79218978,121.5843796,0,0,60.79218978,0,0,0,60.79218978,182.3765693,0,0,0,60.79218978,121.5843796,60.79218978,0,0,0,0,364.7531387,0,121.5843796,0,182.3765693,0,0,0,0,0,0,0,0,0,0,0,0,0,0,0,0,60.79218978,60.79218978,0,0,0,60.79218978,60.79218978,60.79218978,0,0,0,0,0,0,121.5843796,60.79218978,0,0,182.3765693,60.79218978,182.3765693,0,0,0,0,0,0,0,0,0,0,0,243.1687591,0,0,0,121.5843796,2006.142263,0,0,0,364.7531387,0,0,0,0,0,0,0,0,243.1687591,0,60.79218978,0,0,0,0,0,0,0,0,0,0,0,0,0
Ngk_N,Rubble,98.3755008,29.875,20.29016667,2.274,3.234594985,3.234594985,0.942330559,17.34020619,0.895781921,0,117.3566076,117.3566076,58.67830381,1114.887772,0,0,0,0,0,0,0,0,0,352.0698228,0,234.7132152,117.3566076,0,117.3566076,0,0,0,176.0349114,58.67830381,0,0,0,0,117.3566076,58.67830381,0,0,0,0,352.0698228,0,352.0698228,0,176.0349114,0,0,58.67830381,0,0,58.67830381,293.391519,0,0,0,0,0,0,0,0,0,58.67830381,117.3566076,0,0,0,352.0698228,0,0,0,58.67830381,0,0,0,0,234.7132152,0,58.67830381,0,117.3566076,117.3566076,58.67830381,0,0,58.67830381,0,0,0,0,0,0,0,0,0,0,0,0,117.3566076,176.0349114,0,0,0,586.7830381,0,0,0,0,0,0,0,0,293.391519,0,176.0349114,0,0,0,117.3566076,0,58.67830381,0,58.67830381,0,0,0,0,58.67830381
Ngk_N,Rubble,98.3755008,29.875,20.29016667,2.274,3.05384293,3.05384293,0.933980807,15.14711033,0.889299449,0,67.87619382,271.5047753,135.7523876,746.638132,67.87619382,0,0,0,0,0,0,0,0,339.3809691,0,407.2571629,271.5047753,0,0,0,67.87619382,0,203.6285815,67.87619382,0,0,67.87619382,0,67.87619382,0,0,0,0,0,203.6285815,0,339.3809691,0,67.87619382,0,0,0,0,0,67.87619382,203.6285815,0,0,0,0,0,0,67.87619382,0,0,0,0,0,0,0,0,0,67.87619382,67.87619382,67.87619382,0,0,0,0,271.5047753,0,271.5047753,0,135.7523876,0,0,0,0,0,67.87619382,0,0,0,0,0,0,0,0,0,0,0,0,1018.142907,0,0,0,67.87619382,0,0,0,0,0,0,0,0,203.6285815,0,67.87619382,0,0,0,271.5047753,0,0,0,0,0,0,0,0,0
Ngk_S,Rubble,90.98039216,9.666666667,29.38377778,1.86,2.721579762,2.721579762,0.907908429,10.85875706,0.88047311,0,0,0,0,299.7191204,0,0,0,0,0,0,0,0,0,59.94382407,0,0,0,0,0,0,0,0,0,59.94382407,0,0,0,0,0,0,0,0,0,0,0,0,719.3258889,0,119.8876481,0,0,0,0,0,119.8876481,179.8314722,0,0,0,0,0,59.94382407,0,59.94382407,0,0,0,0,0,0,0,0,0,0,59.94382407,59.94382407,0,0,0,119.8876481,0,0,59.94382407,119.8876481,179.8314722,0,0,0,0,0,119.8876481,59.94382407,0,0,0,0,0,119.8876481,0,0,0,0,299.7191204,0,0,0,0,0,0,0,0,0,0,0,0,599.4382407,0,59.94382407,0,0,0,0,0,0,0,0,0,0,0,0,179.8314722
Ngk_S,Rubble,90.98039216,9.666666667,29.38377778,1.86,3.033432928,3.033432928,0.909493945,11.04898447,0.822318258,0,0,126.1281462,63.0640731,1765.794047,0,0,0,0,0,252.2562924,0,63.0640731,0,63.0640731,189.1922193,0,0,0,0,0,0,315.3203655,189.1922193,378.3844386,0,0,0,0,0,0,0,0,0,63.0640731,189.1922193,0,378.3844386,0,0,0,0,63.0640731,0,0,126.1281462,63.0640731,0,0,0,0,63.0640731,126.1281462,0,0,0,0,63.0640731,0,0,0,126.1281462,0,0,126.1281462,0,63.0640731,0,0,0,189.1922193,0,0,0,252.2562924,126.1281462,0,63.0640731,63.0640731,63.0640731,63.0640731,63.0640731,0,0,63.0640731,0,0,0,252.2562924,63.0640731,0,0,63.0640731,315.3203655,0,0,0,0,0,0,0,126.1281462,0,0,0,0,1576.601827,0,63.0640731,0,0,0,0,0,0,0,189.1922193,126.1281462,0,0,0,0
Ngk_S,Rubble,90.98039216,9.666666667,29.38377778,1.86,3.098153074,3.098153074,0.919414109,12.4091201,0.823713969,0,0,67.87619382,135.7523876,1968.409621,0,0,0,203.6285815,0,0,0,0,0,0,0,0,67.87619382,0,67.87619382,0,0,67.87619382,67.87619382,67.87619382,0,0,0,0,135.7523876,135.7523876,0,0,0,0,339.3809691,0,950.2667135,0,67.87619382,0,0,67.87619382,0,0,1018.142907,135.7523876,339.3809691,67.87619382,0,0,0,271.5047753,0,0,67.87619382,67.87619382,67.87619382,67.87619382,0,0,271.5047753,0,0,0,0,0,0,0,0,407.2571629,135.7523876,0,0,0,203.6285815,0,0,67.87619382,0,0,0,67.87619382,67.87619382,67.87619382,0,0,0,135.7523876,0,0,0,0,678.7619382,67.87619382,0,67.87619382,0,0,0,0,0,67.87619382,67.87619382,0,0,135.7523876,0,0,0,0,0,0,67.87619382,135.7523876,0,0,67.87619382,0,0,0,135.7523876
SDO,Rubble,82.18318695,27.29166667,23.052,2.006,2.783465014,2.783465014,0.914600551,11.70967742,0.854322449,0,0,871.4132739,0,950.6326624,0,0,0,0,0,0,0,0,0,79.21938854,79.21938854,0,0,0,79.21938854,0,0,0,79.21938854,475.3163312,0,0,0,0,0,237.6581656,0,0,0,0,79.21938854,79.21938854,1346.729605,0,475.3163312,0,0,79.21938854,0,0,0,158.4387771,0,79.21938854,0,0,0,0,0,0,158.4387771,0,158.4387771,0,0,0,0,0,0,0,0,79.21938854,0,0,0,0,0,0,0,0,871.4132739,0,0,0,0,0,0,0,0,158.4387771,0,0,0,237.6581656,0,0,0,0,316.8775541,0,0,0,0,0,0,0,0,0,0,79.21938854,0,0,0,396.0969427,0,0,0,0,0,0,0,158.4387771,0,0,0,0,79.21938854
SDO,Rubble,82.18318695,27.29166667,23.052,2.006,2.56434245,2.56434245,0.8601947,7.152804642,0.806890816,0,0,166.3609223,0,582.2632279,0,0,0,0,0,83.18046113,0,0,0,166.3609223,332.7218445,0,0,0,166.3609223,0,0,0,0,249.5413834,0,0,0,83.18046113,0,0,0,0,0,0,249.5413834,83.18046113,2329.052912,0,166.3609223,0,0,83.18046113,0,0,332.7218445,166.3609223,0,0,0,0,0,0,0,0,0,0,0,0,0,0,0,0,0,0,83.18046113,0,0,0,0,83.18046113,0,0,0,0,249.5413834,0,0,0,83.18046113,0,0,0,0,0,0,0,0,249.5413834,0,0,0,0,831.8046113,0,0,83.18046113,0,0,0,0,0,0,0,83.18046113,0,166.3609223,0,0,0,0,0,0,0,0,0,0,0,0,0,0,0
SDO,Rubble,82.18318695,27.29166667,23.052,2.006,2.69249712,2.69249712,0.905188739,10.54727031,0.871064426,0,0,263.2370638,0,263.2370638,0,350.9827517,0,0,0,87.74568793,0,0,0,0,0,0,0,0,0,0,0,0,0,87.74568793,0,0,0,87.74568793,0,0,0,0,0,0,526.4741276,175.4913759,1667.168071,350.9827517,0,0,0,526.4741276,0,0,175.4913759,175.4913759,0,0,0,0,0,0,87.74568793,0,0,0,0,0,701.9655034,0,0,0,0,0,0,0,0,0,0,87.74568793,0,0,0,0,263.2370638,0,0,0,0,0,0,0,0,0,0,0,0,438.7284396,0,0,0,0,1052.948255,0,0,0,0,0,0,0,0,0,0,0,0,175.4913759,0,0,0,0,0,0,0,0,0,175.4913759,0,0,0,87.74568793,0
Sew1,Rubble,98.13579873,10.79166667,18.22261111,3.006,2.010770419,2.010770419,0.798833819,4.971014493,0.809193544,0,0,107.5016614,0,0,0,0,0,0,0,0,0,0,0,0,0,0,0,0,0,0,0,107.5016614,0,0,0,0,0,0,0,0,0,0,0,0,161.2524921,0,430.0066456,0,161.2524921,0,0,53.75083069,0,0,215.0033228,53.75083069,0,0,0,0,0,0,0,0,0,0,0,0,0,0,0,0,0,0,0,0,0,0,0,107.5016614,0,0,0,0,1021.265783,0,0,0,0,0,0,0,0,0,0,0,0,0,0,0,0,0,53.75083069,0,0,0,0,0,0,0,0,0,0,0,0,0,0,0,0,0,0,0,0,0,0,0,0,0,0,0,161.2524921
Sew1,Rubble,98.13579873,10.79166667,18.22261111,3.006,2.714073511,2.714073511,0.918282548,12.23728814,0.921762526,0,0,424.1940313,141.3980104,70.69900522,0,0,0,0,0,0,0,0,0,0,0,0,0,0,0,0,0,0,0,0,0,0,0,0,0,0,0,0,0,0,0,0,70.69900522,0,141.3980104,0,0,0,0,70.69900522,212.0970157,70.69900522,70.69900522,0,0,0,0,0,0,0,0,0,0,0,0,0,0,0,70.69900522,0,0,70.69900522,0,0,0,0,0,0,0,0,282.7960209,0,0,0,0,0,0,0,0,0,0,0,0,0,0,0,0,70.69900522,353.4950261,0,0,0,0,0,0,0,0,0,0,0,0,70.69900522,0,0,0,0,0,70.69900522,0,0,0,212.0970157,0,70.69900522,0,0,141.3980104
Sew1,Rubble,98.13579873,10.79166667,18.22261111,3.006,2.59902705,2.59902705,0.910295858,11.14775726,0.899201649,0,0,203.6285815,0,67.87619382,0,0,0,0,271.5047753,0,0,0,0,0,0,0,0,0,0,0,0,0,0,0,0,0,0,67.87619382,0,0,0,0,0,0,271.5047753,0,543.0095506,0,475.1333568,0,0,135.7523876,0,0,407.2571629,0,0,0,0,0,0,0,0,0,0,0,0,0,0,0,0,0,0,0,67.87619382,67.87619382,0,0,0,0,0,0,0,0,610.8857444,0,0,0,0,0,0,0,0,0,0,0,0,203.6285815,67.87619382,0,0,0,135.7523876,0,0,0,67.87619382,0,0,0,0,0,0,0,0,135.7523876,0,0,0,0,0,0,0,0,0,0,0,0,0,0,610.8857444
Sew2,Rubble,98.25726141,24.66666667,14.42238889,3.108,3.075505206,3.075505206,0.945865556,18.47252747,0.933148493,0,0,221.0135875,55.25339688,442.0271751,0,110.5067938,0,0,0,0,0,0,0,221.0135875,165.7601906,276.2669844,0,0,55.25339688,0,0,0,0,221.0135875,0,0,0,0,0,0,0,0,0,0,55.25339688,0,276.2669844,0,221.0135875,0,0,331.5203813,0,0,221.0135875,110.5067938,0,0,0,0,0,0,0,0,0,0,0,0,0,0,0,0,0,0,55.25339688,0,0,0,0,110.5067938,55.25339688,0,0,110.5067938,221.0135875,0,0,55.25339688,0,0,0,0,0,0,0,0,0,221.0135875,0,0,0,0,55.25339688,0,0,0,55.25339688,0,0,0,0,0,0,0,55.25339688,0,0,0,0,0,0,0,0,110.5067938,0,0,0,0,0,0,442.0271751
Sew2,Rubble,98.25726141,24.66666667,14.42238889,3.108,2.986391032,2.986391032,0.930068027,14.29961089,0.878041083,0,0,0,141.3980104,212.0970157,0,70.69900522,0,0,0,0,0,0,0,706.9900522,0,70.69900522,212.0970157,0,70.69900522,0,0,141.3980104,0,0,0,0,0,141.3980104,0,0,0,0,0,0,141.3980104,0,353.4950261,0,353.4950261,0,0,1201.883089,0,0,353.4950261,70.69900522,0,0,0,282.7960209,70.69900522,0,70.69900522,0,70.69900522,0,0,0,0,70.69900522,0,0,0,0,0,0,0,0,0,0,70.69900522,0,0,0,282.7960209,0,0,0,0,0,0,141.3980104,0,0,0,0,0,565.5920418,0,0,0,70.69900522,777.6890575,0,0,0,0,0,0,0,0,141.3980104,0,0,0,0,0,70.69900522,0,0,0,0,0,0,0,0,70.69900522,0,0,0,424.1940313
Sew2,Rubble,98.25726141,24.66666667,14.42238889,3.108,3.058815956,3.058815956,0.945369407,18.3047619,0.938835274,0,136.3168205,340.7920512,272.633641,68.15841024,0,68.15841024,0,0,0,0,0,0,0,0,340.7920512,0,0,0,0,68.15841024,0,0,0,0,0,0,0,0,0,0,0,0,0,0,68.15841024,136.3168205,136.3168205,0,272.633641,0,0,136.3168205,0,0,204.4752307,340.7920512,0,0,0,0,0,0,0,0,68.15841024,0,0,0,0,0,0,68.15841024,0,136.3168205,0,0,0,0,0,136.3168205,0,0,0,0,204.4752307,0,0,68.15841024,0,0,0,0,0,0,0,0,0,340.7920512,0,0,0,0,68.15841024,0,0,0,0,0,0,0,68.15841024,0,0,0,0,340.7920512,0,0,0,0,0,0,0,0,0,68.15841024,0,0,0,0,68.15841024
Sew3,Rubble,96.4513996,23.7826087,23.03161111,2.722,3.061368444,3.061368444,0.933984911,15.14805195,0.891490929,0,0,158.4387771,79.21938854,792.1938854,0,0,0,0,0,0,0,0,0,79.21938854,316.8775541,0,0,0,0,0,0,79.21938854,158.4387771,158.4387771,0,0,0,0,0,0,79.21938854,0,0,0,158.4387771,158.4387771,792.1938854,0,237.6581656,0,0,0,158.4387771,0,396.0969427,554.5357197,0,0,0,0,0,0,0,0,0,0,0,237.6581656,0,0,0,316.8775541,0,316.8775541,79.21938854,79.21938854,0,79.21938854,0,0,0,0,0,0,475.3163312,0,0,0,0,0,0,0,0,0,0,0,0,316.8775541,0,0,0,79.21938854,1425.948994,79.21938854,0,158.4387771,0,0,0,0,0,0,0,0,0,0,0,158.4387771,0,0,0,0,0,0,0,158.4387771,0,0,0,0,237.6581656
Sew3,Rubble,96.4513996,23.7826087,23.03161111,2.722,3.085584917,3.085584917,0.937199755,15.92350487,0.88247626,0,0,188.5704144,125.7136096,754.2816576,0,62.8568048,0,0,0,0,0,0,0,0,377.1408288,565.7112432,0,0,0,0,0,125.7136096,0,0,0,62.8568048,0,0,0,62.8568048,0,0,0,0,188.5704144,0,188.5704144,0,62.8568048,0,0,314.284024,62.8568048,0,0,188.5704144,62.8568048,0,0,251.4272192,0,62.8568048,0,0,62.8568048,0,0,62.8568048,0,0,0,0,62.8568048,0,62.8568048,0,0,0,0,62.8568048,0,62.8568048,0,62.8568048,314.284024,0,0,0,0,0,0,0,0,0,0,0,0,314.284024,0,0,0,0,188.5704144,0,0,62.8568048,0,0,502.8544384,0,0,0,0,0,0,942.8520721,0,0,0,0,0,0,0,62.8568048,0,0,0,0,0,0,188.5704144
Sew3,Rubble,96.4513996,23.7826087,23.03161111,2.722,2.964506341,2.964506341,0.929383049,14.16090584,0.871606675,67.87619382,0,135.7523876,0,543.0095506,0,67.87619382,0,0,0,67.87619382,0,67.87619382,0,0,67.87619382,0,0,0,0,0,0,0,0,0,0,0,0,0,67.87619382,0,0,0,0,0,135.7523876,0,475.1333568,0,339.3809691,0,0,0,0,0,203.6285815,1221.771489,67.87619382,0,0,67.87619382,67.87619382,0,0,0,0,0,67.87619382,67.87619382,0,0,0,0,0,0,135.7523876,0,0,0,0,407.2571629,67.87619382,0,0,339.3809691,339.3809691,0,0,0,0,0,0,0,0,0,0,0,0,543.0095506,0,0,0,0,610.8857444,0,0,0,135.7523876,0,0,0,0,0,0,0,0,678.7619382,0,0,0,0,0,0,0,67.87619382,0,135.7523876,0,0,0,0,135.7523876
Sew4,Rubble,22.20673046,11.68,59.43505556,2.666,2.774804801,2.774804801,0.912244898,11.39534884,0.873114475,0,0,310.3497198,186.2098319,186.2098319,0,0,0,0,0,0,0,62.06994396,0,0,62.06994396,186.2098319,0,0,0,0,0,0,0,62.06994396,0,0,0,0,0,0,0,0,0,0,124.1398879,0,868.9792154,0,372.4196638,0,0,310.3497198,0,0,0,0,0,0,0,62.06994396,0,0,0,0,62.06994396,0,62.06994396,0,0,0,0,0,0,0,0,62.06994396,0,0,0,62.06994396,0,0,0,62.06994396,62.06994396,0,0,0,0,0,0,0,0,0,0,0,0,558.6294956,0,0,0,62.06994396,124.1398879,0,0,0,0,0,0,0,0,0,0,0,0,0,0,62.06994396,0,0,0,0,0,0,0,248.2797758,0,0,0,124.1398879,0
Sew4,Rubble,22.20673046,11.68,59.43505556,2.666,2.881095259,2.881095259,0.927197364,13.73576642,0.884287874,468.2292671,0,0,0,877.9298758,0,0,0,0,0,0,58.52865839,0,0,117.0573168,0,0,0,0,0,0,0,0,0,0,0,0,0,0,234.1146335,58.52865839,0,0,0,0,58.52865839,0,468.2292671,0,292.6432919,0,0,58.52865839,0,0,58.52865839,468.2292671,117.0573168,0,0,0,0,117.0573168,0,0,0,117.0573168,0,0,0,0,0,0,0,0,58.52865839,0,0,0,0,117.0573168,0,58.52865839,0,0,0,0,0,0,0,0,0,0,0,0,0,0,0,351.1719503,0,0,0,175.5859752,117.0573168,0,0,0,117.0573168,0,0,0,0,0,0,0,0,58.52865839,0,0,0,0,0,0,0,0,0,468.2292671,0,0,58.52865839,0,526.7579255
Sew4,Rubble,22.20673046,11.68,59.43505556,2.666,2.540033981,2.540033981,0.884989269,8.694840834,0.834296358,0,0,0,0,314.284024,0,62.8568048,0,0,0,0,0,0,0,0,125.7136096,62.8568048,0,0,0,0,0,251.4272192,0,0,0,0,0,0,0,0,0,0,0,0,0,0,1319.992901,0,377.1408288,0,0,188.5704144,0,0,62.8568048,188.5704144,125.7136096,0,62.8568048,0,0,0,0,0,0,0,0,0,0,0,0,0,62.8568048,0,62.8568048,62.8568048,0,0,0,251.4272192,0,0,0,0,62.8568048,0,0,0,0,0,0,0,0,0,0,0,0,628.568048,0,0,0,0,188.5704144,0,0,0,0,0,0,0,0,0,0,0,0,0,0,0,0,0,0,0,0,0,0,188.5704144,0,0,0,0,942.8520721