Site,Habitat,coverhabs,cover,biomass,n15,Actiniaria,Aglajidae,Alpheidae,Amphinomidae,Amphipoda,Anaspidea,Anthuridae,Aplustridae,Asellota,Asterinidae,Bivalvia,Blennidae,Bonelliida,Brachyura,Buccinidae,Bullidae,Cancellaridae,Caprellidae,Cardiidae,Chitonidae,Cidaridae,Cirratulidae,Columbellidae,Conidae,Costellariidae,Crinoidea,Cumacea,Cypraeidae,Diadematidae,Dialidae,Diogenidae,Dromiidae,Epialtidae,Epitoniidae,Eunicidae,Fasciolariidae,Fissurellidae,Galatheidae,Gastropoda,Gobiidae,Golfingiidae,Gonodactylidae,Haliotidae,Haminoeidae,Hesionidae,Hippolytidae,Isopoda,Joeropsididae,Labridae,Limidae,Littorinidae,Majidae,Mitridae,Mollusca,Monacanthidae,Muricidae,Mysida,Mytilidae,Naticidae,Nematoda,Nemertea,Nereididae,Nudibranchia,Oligochaeta,Olividae,Ophiactidae,Ophidiasteridae,Ophiocomidae ,Ophiomyxidae ,Ophiotrichidae,Ophiuroidea,Opisthobranchia,Ostracoda,Ovulidae,Paguridae,Palaemonidae,Paranthuridae,Paratanaidae,Patellidae,Pectinidae,Penaeidae,Phascolosomatidae,Phasianellidae,Phyllodocidae,Pilumnidae,Plakobranchidae,Platyhelminthes,Pleurobranchidae,Polychaeta,Polynoidae,Pomacentridae,Porcellanidae,Portunidae,Potamididae,Pseudocerotidae,Pteriidae,Pycnogonida,Pyramidellidae,Rissoinidae,Scleractinia,Scorpaenidae,Sipuncula,Stenetriidae ,Stomatopoda,Strombidae,Syllidae,Tanaidacea,Terebellida,Terebridae,Tetraliidae ,Toxopneustidae,Trapeziidae,Triphoridae,Triviidae,Trochidae,Turbinellidae,Turbinidae,Turridae,Veneridae,Vermetidae,Volutidae,Xanthidae
NGK M,Dead_coral,2.876106195,0.541666667,32.90316667,1.434,0,0,1.209351182,0,0.945774642,0,0,0,0,0,0,0,0,0.108531516,0,0,0,0,0,0,0,0,0,0,0,0,0,0,0,0,70.25090006,0,6.046755909,0,0,0.449630568,0,2.511729378,0,0.775225117,0,0,0,0,0,0.046513507,0.248072037,0,0,0,0,0,0.046513507,1.023297154,0,157.8978517,0,1.364396205,0,0,0,0,0,0.542657582,0,0,0,0,0,0,0.186054028,0,0,0,0,0,0,0,0,0,0,0,0,0,0.217063033,0,0,0,0.186054028,0,0,0,5.225017285,0.093027014,0,0,0,0,0,0,0,0,0,0,0,0,0,0,0,0,0,0,0,0,0,0,0.046513507,0,0,0,0,2.186134829
NGK M,Dead_coral,2.876106196,0.541666667,32.90316667,1.434,0,0,0.601313268,0.050109439,1.0272435,0,0,0,0,0,0,0,0,0,0.350766073,0,0,0.050109439,0,0,0,0,0,0,0.02505472,0,0,0,0,1.954268122,171.3617541,0,0.050109439,0,0,0.714059506,0.250547195,1.816467164,0,0.463512311,0,0,0,0,0.175383037,0.050109439,0.476039671,0.125273598,0,0,0,0,0,0,0,0,0,3.081730499,0,0,0.037582079,0.050109439,0,0.638895347,0,0.964606701,0,0.50109439,0,0,0.112746238,0,0,0,0,0,0,0,0,0,0,0,0,0,0.02505472,0,0,0,0.212965116,0,0,0,0,0.137800957,0,0,0,0,0,0,0,0,0,0,0,0,0,0,0,0,0,0.663950067,0,0,0,0,0,0,0,0,0,6.451590273
NGK M,Dead_coral,2.876106196,0.541666667,32.90316667,1.434,0,0,1.029782076,0,0.651185725,0,0,0,0,0,0,0,0,0,0,0,0,0,0,0,0,0,0,0,0,0,0,0,0,0,122.8772319,0,0,0,0,2.317009672,0,1.332659158,0,0,0,0,0,0,0,0.090863124,0.272589373,0.060575416,0,0,0,1.892981758,0,0,0,0,0,0.060575416,0,0,0.015143854,0,0,0,0,0.07571927,0,0,6.739015059,0,0,0,0,0,0,0.832911974,0,0,0,0,0,0.136294687,1.317515304,6.436137978,0,0,0,0,0.499747184,0,0,0,0,0.620898017,0,0.136294687,0,0,0,0,0,0,0,0,0,0,0,0,0,0,0,0,0,0,0,0,0.257445519,0,0,0,0,10.13123837
NGK N,Dead_coral,0.526864607,0.16,20.29016667,2.274,0,0,0.204856836,0,0,0,0,0,0,0,0,0,0,0,0,0,0,0,0,0,0,0,0.658468401,0,0,0,0,0,0,0,14.6179985,1.43399785,1.448630482,0,0,0,0,2.619240972,0,0.453611565,0,0,0,0,0,0,0,0,0,0,0,0,0,0,0,0,0,11.60367648,0,0,0,0,0.248754729,0,0,0,16.91532158,0,5.9701135,0,0,0,0,0,0,0,0,0,0,0,0,0,0,0,0,0,0,0,0,0,0,0,0.746264187,0,0,0,0,0,0,0,0,0,0,0,0,0,0,0,0,0,0,0,0,0,0,0,0,0,0,0,0,3.643525151
NGK N,Dead_coral,0.526864607,0.16,20.29016667,2.274,0,0,0,0,2.291660897,0,0,0,0,0,0,0,0,0,0,0,0,0,0,0,0,0,0,0,0,0,0,0,0,0,62.83677596,0,0,0,0,0,0,0.877055405,0,0,0,0,0,0,0,0.113168439,0.113168439,0,0,0,0,1.188268613,0,0,0,59.52659911,0,0,0,0,0,0,0,0,0,0,0,0,0,0,0,0,0,0,8.261296074,0,0,0,0,0,0,0,0,0,0.02829211,0,0,0,0.02829211,0,0,0,0,0,0,0,0,0,0,0,0,0,0,0,0,0,0,0,0,0,0,0,0,0,0,0,0,0,0,0,0,1.7258187
NGK N,Dead_coral,0.526864607,0.16,20.29016667,2.274,0,0,0.535305762,1.167939845,2.919849613,0,0,0,0,0,0,0,0,0,0,0,0,0,1.508588967,0,0,0.194656641,0,0,0,0,0,0,0,0,71.48765135,0,0,0,0,0,0,0,0,0.291984961,0,0,0.681298243,0,0,0,0.09732832,0.04866416,0,3.211834574,0,0,0,0,0,0,0,0,0,0,0,0,0,0,0,0,0,0,0,0,0,0,0,0,0,0,0,0,0,0,0.632634083,0,0,0,0,0,0,0,0,0,0,0,1.849238088,0,0,0,0,0,0,0,0,0,0,0,0,0,0.340649122,0,0,0,0,0,0,0,0,0,0,0,0,0,0,9.343518761
NGK S,Dead_coral,5.882352941,0.625,29.38377778,1.86,0,0,1.373986299,0.047378838,0.497477798,0,0,0,0,5.638081709,0,0,0,0,0,0.047378838,0,0,0,0,0,0,0,0,0,0,0,0,0,0.734371987,17.15113932,0,0,0,0,0.355341284,0,0,0,0,0.805440244,0,0,0.142136514,0.118447095,0,0.497477798,0,0,0,0,2.440010151,0,0,0,0,0.071068257,0,0,0,0,0,0,0,0,0,0,0,0,12.93442274,0.023689419,0,0,0,0,0,0,0,0,0,0,0.284273027,0,0,0,0,0,0,0,0,0,0,0,0,0,0,0,0,0,0,0,0,0,0,0,0,0,0,0,0,0,0,0,0,0,0,0,0,0,0,0,3.885064707
NGK S,Dead_coral,5.882352941,0.625,29.38377778,1.86,0,0,0.351430954,0,0.86506081,0,0,0,0,0,0,0,0,0,0,0,0,0,0,0,0,0,0,0,0,0,0,0,0,0,3.271011187,0,0,0,0,1.135392313,0,2.405950377,0,0.513629856,0,0,0,0,0.486596706,0,0,0.216265202,0,0,0,0,0,0,0,0,0,0,0,0,0,0.297364653,1.432756966,0,0,0,0,0,0,0,7.704447837,0,0,0,0,0,0,0,0,0,0,0,0.86506081,0.02703315,0.270331503,0,0,0,0.351430954,0,0,0,0,3.622442141,0,0,0,0,0,0,0,0,0,0,0,0,0,0,0,0,0,0,0,0,0,0,0,0,0,0,0,4.649701853
NGK S,Dead_coral,5.882352941,0.625,29.38377778,1.86,0,0,0,0.294605584,0.726693774,0,0,0,0,0,0,0,0,0,0,0.019640372,0,0,0,0,0,0,0,0,0,0,0,0,0,0,1.178422336,0.235684467,0.805255263,0,0,0,0,0.314245956,0,0,0,0,0.333886329,0,0,0.157122978,0.019640372,0.039280745,0,0.25532484,0,4.890452696,0,0,0,0,0,0,0,0,0,0.019640372,0,0,0.019640372,0,30.9532267,0,0,0,0,0,0,0,0,0,0,0,0,0,0,0,0,0,0.078561489,0,0,0,0,0,0,0,0.058921117,0,0,0,0,0,0,0,0,0,0,0,0,0,0,0,0,0,0,0.471368935,0,0,0,0,0,0,0,0,0,1.964037227
SDO,Dead_coral,7.904642409,2.625,23.052,2.006,0,0,0,0,0,0,0,0,0,0,0,0,0,0,0,1.315156213,0,0,0,0,0,0,5.529634077,1.120871772,0,0,0,0,0,0,14.87023218,0,0,0,0,0,0,8.922139307,0,0.119559656,0,0,0,0,0,1.987679276,0.089669742,0,0,0,0,0,0.269009225,0,0,0,0,0,0,0,0,0,0,0,0,0,0,0,0,0,0,0,0,0,0,1.82328475,0,0,0,0,0,0,0,6.426331494,0,0,0,0,0.209229397,0,0,0,0,91.23896226,0,0,0,0,0,0,0,0,0,0,0,0,0,0,0,0,0,1.82328475,0,0,0,0,28.39541823,0,0,0,0,2.525697727
SDO,Dead_coral,7.904642408,2.625,23.052,2.006,0,0,0.557416547,0,0.174192671,0,0,0,0,0,0.209031205,0,0,0,0.069677068,0.557416547,0,0,0,0,0,0,0,0,0.174192671,0,0,0,0,0,0,0,11.42703922,0,0,2.055473518,0,7.246415115,0,1.289025766,0,0,0,0,0,1.98579645,0,0,0,0,0,0,0,0,0,0,0,0,0,0,0,0,0,0,0,0.243869739,0,0,0,0,0,0,0,0,0,2.055473518,0,0,0,0,0,0,0,0,0,0,0,0.139354137,1.010317492,0,0,0,0,0.383223876,0,0,0,0,0,0,0,0,0,0,0,0,0,0,0.209031205,0,0,0,0,0,0,0,0,0,0,0,0,0
SDO,Dead_coral,7.904642408,2.625,23.052,2.006,0,0,3.401327939,0,0.425165992,0,0.065410153,0,0,0,0,0,0,0,0.032705076,0,0,0,0,0,0,0,0,0,0,0,0,0,0,0,36.0736992,0,0,0,0,0,0,1.700663969,0,3.466738092,0,0,0,0,0,0.098115229,0.490576145,0,0,0,0,0,0,0,0,111.5243103,0,0,43.30152107,0,0,0,0,0.065410153,0,0,0,0,0,0,0,0,0,0,0,0,0,0,0,0,0,0,0,0,1.210087824,0,0,0.032705076,1.798779198,0,0,0,0,0,0,0,0,0,0.032705076,0,0,0,0,0,0,0,0,0,0,0,0,0,0,0,0,0,0,0,0,0,0,2.289355343
SEW 1,Dead_coral,1.136708093,0.125,18.22261111,3.006,0,0,0,0,0.132048315,0,0,0,0,1.716628098,0,0,0,0,0,0,0,0,0,0,0,0,0,0,0,0,0,0,0,0,0,0,0,0,0,1.496547572,0,2.905062935,0,0,0,0,0,0,0,0,0,0,0,0,0,0,0,0,0,0,0,0,0,0,0,0,0,0,0,0,0,0,0,0,0,0,0,0,0,1.012370417,0,0,0,0,0,0,0,0,0,0.08803221,0,0,0,0,0,0,0,0.528193261,0,0,0,0,0,0,0,0,0,0,0,0,0,0,0,0,0,0,0.044016105,0,0,0,0,0,0,0,0,2.156789148
SEW 1,Dead_coral,1.136708093,0.125,18.22261111,3.006,0,0.326472058,0,0,0.081618014,0,0,0,0,1.550742274,0,0,0,0,36.7281065,0,0,0,0,0,33.95309401,0,0,0,0,0,0,0,0,0,0,0,0,0,0,0,0,13.05888231,0,0,0,0,0,0,0,0,0,0,0,0,0,0,0,0,0,0,0,0,0.244854043,0,0,0,0,0,0,0,0,0,0,0,0.408090072,0,0,0,0,3.427956607,0,0,0,0,0,0,0,0,0,0,0,0,0,0,0,0,0,3.754428664,0,0,0,0.489708087,0,0,0,0,0,0,0,0,0,0,0.73456213,0,0,0,0,0,0,0,0,0,0,0,0,32.64720578
SEW 1,Dead_coral,1.136708093,0.125,18.22261111,3.006,0,0,4.951231804,0,0,0,0,0,0,6.641896323,0,0,0,0,0,0,0,0,0,0,17.20854956,0,13.8876014,0,0,0,0,0,0,0,69.43800701,0,0,0,0,13.82722053,0,0,0,1.38876014,0,0,0.905713135,0,0,0,0,0,0,0,0,5.01161268,0,0,0,0,0,0,0,0,0,0,0,0,0,0,0,0,4.468184799,0,0,0,0,0,0,0,0,0,0,0,0,0,0,0,0,0,0,0,0,0,0,0,0,8.63446522,0,0,0,0,0,0,0,0,0,0,0,0,0,0,0,0,0,0,0,0,0,0,0,0,0,0,0,6.581515447
SEW 2,Dead_coral,0.248962656,0.0625,14.42238889,3.108,0,0,0.940459509,0,0.419394105,0,0,0,0,0,0,0,0,0,0,0,0,0,0,0,0,0,27.19707227,10.28151003,0,0,0,0,0,0,0,0,5.515667928,0,0,1.766538807,0,2.84679635,0,0.55919214,0,0,0,0,0,0,0.381267368,0,0,0,0,0,0.038126737,0,0,0,0,0,0,0,0,0,0,0,0,0,0,0,0,0,0,0,0,0,0,0,0,0,0,0,0,0,0,6.837394805,1.868210105,0,0,0,0.241469333,0,0,0,0,0.330431719,0,0,0,0,0,0,0,0,0,0,0,0,0,0,0,0,0,0,0,0,0,0,0,0,0,0,0,10.02733179
SEW 2,Dead_coral,0.248962656,0.0625,14.42238889,3.108,0,0,0,0,0.730539862,0,0,0,0,0,0,0,0,0,0,0,0,0,0,0,0,0,0,0,0,0,0,0,0,0,0,0,0.41745135,0,0,0,0,16.38496547,0,0,0,0,0,0,0,0,1.982893911,0,0,39.03170119,0,0,0,0,0,48.11126805,0,22.85546139,0,0,0,0,0,0,0,0,0,0,0,0,0,0,0,0,25.56889517,0.626177024,0,0,0,0,0,0,0,0,0,0,0,0,0.41745135,0,0,0,0,0,0,0,0,0,0,0,0,0,0,0,0,0,0,0,0,0,0,0,0,0,0,0,0,0,0,0,0,21.70747018
SEW 2,Dead_coral,0.248962656,0.0625,14.42238889,3.108,0,0,0.052780089,0,0.070373452,0,0,0,0,0,0,0,0,0,0,0,0,0,0,0,0,0,6.210457147,28.95867554,0,0,0,0,0,0,0,0,0,0,0,0.246307082,0,2.128796926,0,0.246307082,0,0,0,0,0,0,0.211120356,0,0,0,0,0,0,0,0,0,0,0,0,0,0,0,0,0,0,0.070373452,13.08946209,0,0,0,0,0,0,0,0,0,0,0,0,0,0,0,0,0,0,0,0.035186726,0,0.052780089,0,0,0,0,0.228713719,0,0,0,0,0,0,0,0,0,0,0,0,0,0,0,0,0,0,0,0,0,0,0,0,0,0,0,4.204813763
SEW 3,Dead_coral,1.35184777,0.333333333,23.03161111,2.722,0,0,0,0,3.023158725,0.719799696,0.431879818,1.439599393,0,23.75338998,0,0,0,0,0,0,0,0.287919879,0,0,0,0,0,0,0,0,0,0,0,0,248.3308952,10.07719575,4.462758117,0,0,35.84602488,0,29.07990773,0,7.054037024,0,1.583559332,0,0,0,0,1.439599393,0,0,0,0,0,0,0,0,0,0,0.431879818,0,0,0.719799696,0,1.727519271,0,0,0.143959939,0,0,15.25975356,0,0,0,0,0,0,0.431879818,0,0,0,1.727519271,0,0,0,0,1.295639453,0,0,0,1.727519271,0,0,0,0,2.735238846,0,12.52451472,0.863759636,0,0.719799696,0,0,0,0,0,0,0,0,0,0,0,0,0,0,0,0,0,4.318798178,0,0,0,0,14.39599393
SEW 3,Dead_coral,1.35184777,0.333333333,23.03161111,2.722,0,0,0.423244254,0,0.376217115,0,0,0,0,0,0,0,0,0,0,0.094054279,0,0,0,0,0,0,16.36544449,0,0,0,0,0,0,0,17.16490585,0,30.52061342,0,0,12.13300195,0,8.700020776,0,0,0,0,0,0,0,3.338926892,0,0,0,0,0,0,0,0,0,0,0,8.700020776,0,0,0,0,0,0,0,0.188108557,0,0,6.536772366,0,0,0,0,0,0,6.442718088,0,0,0,0,0,0,0,0,0,0,0.752434229,0,1.928112712,0,0,0,0,1.41081418,0,0,0.047027139,0,0,0,0,0,0,0,0,0,0,0,0.376217115,0,0,0,0,0,18.62274717,0,0.470271393,0,0,0,1.881085573,4.279469679
SEW 3,Dead_coral,1.35184777,0.333333333,23.03161111,2.722,0,0,0.58666443,0,0.097777405,0,0,0,0,0,0,0,0,0,0,0,0,0,0,0,0,0,6.609752575,0,0.136888367,0,0,0,0,0,11.59640023,1.427550112,1.544882998,0,0,2.385768681,0,5.53420112,0,1.075551454,0,0,0,0,0,1.153773378,0.117332886,0,0,0,0,0,0,0,0,0,0,0,0,0,0,0,0,0,0.078221924,0.039110962,0,6.042643626,5.299535348,0,0,0,0,0,0,0.723552797,0,0,0,0.156443848,0,0,0,0,0,0,0,0,8.447967788,0,0,0.175999329,0,1.212439821,0,0,0,0,0,0,0,0,0,0,0,0,0.508442506,0,0.234665772,0,0,0,0,0,0.351998658,0,0,0,0,0,0,8.878188369
SEW 4,Dead_coral,7.050510172,3.708333333,59.43505556,2.666,0,0,0.644554866,0,1.895749607,0,0,0,0,0,0.037914992,0,0,0,0,0.037914992,0,0.113744976,0,0,0,0,0,0,0,38.44580202,0,0,0,0,7.014273545,0,0,0,0.09478748,1.725132142,0,0.758299843,0,0.720384851,0,0,4.094819151,0,0.246447449,0,0.265404945,0,0,0.417064913,0,0.208532457,0,0,0,0,0,0,0,0,0,0.322277433,0.132702472,0,0.189574961,0,0,0,0,0,0,0,0,0,1.516599685,0,0,0,0,0,0,0,0.398107417,0,0,0,0,0,0.170617465,0,0,0,0,0.113744976,0.189574961,0,0,0,0,0,0,0,0.037914992,0,0.132702472,0.056872488,2.578219465,0,0,0,0,0,0,0,186.5986338,0,0.113744976,0,0,0,0,3.3744343
SEW 4,Dead_coral,7.050510172,3.708333333,59.43505556,2.666,0,0,0,0,1.671856268,0,0,0,0,0,0,0,0,0,0,0.78302129,0,0,0,0,0,0,14.22135965,1.502554367,0.571393914,0.507905702,0,0,0,0.338603801,195.7193458,0,0,0,0,2.43371482,0,5.163707967,0,0.69837034,0,0,0,0,0,0.148139163,0.69837034,0,0,1.968134594,0,3.8304555,0.761858552,0,0,0,0,0.592556652,0,0,0,0,0,0,0.021162738,0,0,0,0,0,0,0,0.042325475,0,6.750913284,0,0,0,0,1.608368055,0,0,4.486500364,0,0,0,0,0,0.529068439,0,0,0,0,2.26441292,0,0,0,0.402092014,0,0,0,0,0,0,0,0.126976425,2.306738395,0,0.338603801,0,0,0,0,0,0,0.105813688,0.211627376,0,0,0,0,17.9671642
SEW 4,Dead_coral,7.050510172,3.708333333,59.43505556,2.666,0,0,22.89793582,0,30.05354076,0,0.954080659,0,0,0,0,0,0,0,0,0,0,0,0,0,0,0,0,0,0,0,0,0,0,1.431120989,0,0,0,0,0,0,0,15.74233088,0,4.293362966,0,0,0,0,2.385201648,0,0,1.431120989,0,0,0,0,0,0,0,0,0,0,0,0,0,0,0,0,0,0,95.88510624,0,0,0,11.92600824,0,0,0,0,0,0,0,0,0,0,0,0,0,0,0,0,0,1.431120989,1.431120989,0,0,0,3.339282307,12.8800889,0,0,0,0,0,0,0,0,0,0,0,0,0,0,1.908161318,0,0,0,0,0,0,27.66833911,0,0,0,0,468.9306439
NGK M,Live_A,0,0,32.90316667,1.434,0,0,0,0,0,0,0,0,0,0,0,0,0,0,0,0,0,0,0,0,0,0,0,0,0,0,0,0,0,0,114.1124892,0,0,0,0,13.2777165,0,0,0,4.400614612,0,0,0,0,0,0,0,0,0,0,0,0,0,0,0,0,0,0,0,0,0,0,0,0,0,0,0,0,0,0,0,0,0,0,0,0,0,0,0,0,0,0,0,0,0,0,0,0,0,0,0,0,0,0,0,0,0,0,0,0,0,0,0,0,0,0,0,0,0,42.79218347,0,0,0,0,0,0,0,0,0,0,0,0
NGK M,Live_A,0,0,32.90316667,1.434,0,0,0,0,0,0,0,0,0,0,0,0,0,0,0,0,0,0,0,0,0,0,0,0,0,0,0,0,0,0,0,0,0,0,0,0,0,0,0,5.881713308,0,0,0,0,0,0,0,0,0,0,0,0,0,0,0,0,0,0,0,0,0,0,0,0,0,0,0,0,0,0,0,0,0,0,0,5.189747037,0,0,0,0,0,0,0,0,0,0,0,0,0,0,0,0,0,0,0,0,0,0,0,0,0,0,0,0,0,0,0,0,0,77.50022242,0,0,0,0,0,0,0,0,0,0,0,0
NGK M,Live_A,0,0,32.90316667,1.434,0,0,0,0,0,0,0,0,0,0,0,0,0,0,0,0,0,0,0,0,0,0,0,0,0,0,0,0,0,0,0,0,0,0,0,0,0,0,0,12.09154876,0,0,0,0,0,0,0,0,0,0,0,0,0,0,0,0,0,0,0,0,0,0,0,0,0,0,0,0,0,0,0,0,0,0,0,0,0,0,0,0,0,0,0,0,0,0,0,0,0,0,0,0,0,0,0,0,0,0,0,0,0,0,0,0,0,0,0,0,0,44.3356788,0,0,0,0,0,0,0,0,0,0,0,0
NGK N,Live_A,0.274408649,0.083333333,20.29016667,2.274,0,0,0,0,0,0,0,0,0,0,0,0,0,0,0,0,0,0,0,0,0,0,0,0,0,0,0,0,0,0,0,0,0,0,0,0,0,0,0,3.282009143,0,0,0,0,0,0,0,0,0,0,0,0,0,0,0,0,0,0,0,0,0,0,0,0,0,0,0,0,0,0,0,0,0,0,0,0,0,0,0,0,0,0,0,0,0,0,0,0,0,0,0,0,0,0,0,0,0,0,0,0,1.312803657,0,0,0,0,0,0,0,0,9.720998509,0,0,0,0,0,0,0,0,0,0,0,0
NGK N,Live_A,0.274408648,0.083333333,20.29016667,2.274,0,0,0.510742035,0,0,0,0,0,0,0,0,0,0,0,0,0,0,0,0,0,0,0,0,0,0,0,0,0,0,0,0,0,0,0,0,0,0,0,0,2.265029893,0,0,0,0,0,0,0,0,0,0,0,0,0,0,0,0,0,0,0,0,0,0,0,0,0,0,0,0,0,0,0,0,0,0,0,0,0,0,0,0,0,0,0,0,0,0,0,0,0,0,0,0,0,0,0,0,0,0,0,0,0,0,0,0,0,0,0,0,0,15.25564251,0,0,0,0,0,0,0,0,0,0,0,0
NGK N,Live_A,0.274408648,0.083333333,20.29016667,2.274,0,0,0,0,0,0,0,0,0,0,0,0,0,0,0,0,0,0,0,0,0,0,0,0,0,0,0,0,0,0,9.34238344,0,0,0,0,0,0,0,0,5.255090685,0,0,0,0,0,0,0,0,0,0,0,0,0,0,0,19.65237088,0,0,0,0,0,0,0,0,0,0,1.184480758,0,0,0,0,0,0,0,0,0,0,0,0,0,0,0,0,0,0,0,0,0,0,0,0,0,0,0,0,0,0,0,0,0,0,0,0,0,0,0,0,0,0,12.51212068,0,0,0,0,0,0,0,0,0,0,0,0
SDO,Live_A,4.265997491,1.416666667,23.052,2.006,0,0,0,0,0,0,0,0,0,0,0,0,0,0,0,0,0,0,0,0,0,0,0,0,0,0,0,0,0,0,0,0,0,0,0,0,0,0,0,5.080862534,0,0,0,0,0,0,0,0,0,0,0,0,0,0,0,0,0,0,0,0,0,0,0,0,0,0,0,0,0,0,0,0,0,0,0,0,0,0,0,0,0,0,0,0,0,0,0,0,0,0,0,0,0,0,0,0,0,0,0,0,0,0,0,0,0,0,0,0,0,21.81266846,0,0,0,0,0,0,0,0,0,0,0,0
SDO,Live_A,4.265997491,1.416666667,23.052,2.006,0,0,0,0,0,0,0,0,0,0,0,0,0,0,0,0,0,0,0,0,0,0,0,0,0,0,0,0,0,0,0,0,0,0,0,0,0,0,0,0,0,0,0,0,0,0,0,0,0,0,0,0,0,0,0,0,0,0,0,0,0,0,0,0,0,0,0,0,12.10330311,0,0,0,0,0,0,0,0,0,0,0,0,0,0,0,0,0,0,0,0,0,0,0,0,0,0,0,0,0,0,0,0,0,0,0,0,0,0,0,0,22.10168394,0,0,0,0,0,0,0,0,0,0,0,0
SDO,Live_A,4.265997491,1.416666667,23.052,2.006,0,0,0,0,0,0,0,0,0,0,0,0,0,0,0,0,0,0,0,0,0,0,0,0,0,0,0,0,0,0,0,0,0,0,0,0,0,0,0,0,0,0,0,0,0,0,0,0,0,0,0,0,0,0,0,0,0,0,0,0,0,0,0,0,0,0,0,0,0,0,0,0,0,0,0,0,0,0,0,0,0,0,0,0,0,0,0,0,0,0,0,0,0,0,0,0,0,0,0,0,16.59857582,0,0,0,0,0,0,0,0,29.30287038,0,0,0,0,0,0,0,0,0,0,0,0
SEW 1,Live_A,0.72749318,0.08,18.22261111,3.006,0,0,0,0,0,0,0,0,0,0,0,0,0,0,0,0,0,0,0,0,0,0,0,0,0,0,0,0,0,0,0,0,0,0,0,0,0,0,0,0,0,0,0,0,0,0,0,0,0,0,0,0,0,0,0,0,0,28.67336152,0,0,0,0,0,0,0,0,0,0,0,0,0,0,0,0,0,0,0,0,0,0,0,0,0,0,0,0,0,0,0,0,0,0,0,0,0,0,0,0,0,0,30.47040169,0,0,0,0,0,0,0,0,25.58139535,0,0,0,0,0,0,0,0,0,0,0,0
SEW 1,Live_A,0.72749318,0.08,18.22261111,3.006,0,0,0,0,0,0,0,0,0,0,0,0,0,0,0,0,0,0,0,0,0,0,0,0,0,0,0,0,0,0,0,0,0,0,0,0,0,0,0,28.09710069,0,0,0,0,0,0.248646909,0,0,0,0,0,0,0,0,0,33.48445038,0,0,0,0,0,0,0,0,0,1.616204907,0,0,0,0,0.414411515,0,0,0,0,1.118911089,0,0,0,0,0,0,0,0,0,0,0,0,0,0,0,0.870264181,0,0,0,0,0,0,0,0,0,0,0,0,0,0,0,0,0,23.24848597,0,0,0,0,0,0,0,0,0,0,0,0
SEW 1,Live_A,0.72749318,0.08,18.22261111,3.006,0,0,0,0,0,0,0,0,0,0,0,0,0,0,0,0,0,0,0,0,0,0,0,0,0,0,0,0,0,0,0,0,0,0,0,0,0,0,0,13.04121249,0,0,0,0,0,0,0,0,0,20.30225388,0,0,0,0,0,0,0,0,0,0,0,0,0,0,0,0,0,0,0,0,0.047770009,0,0,0,0,5.111390976,0,0,0,0,0,0,0,0,0,0,0,0,0,0,0,0,0,0,0,0,0.047770009,0,0,0,0,0,0,0,0,0,0,0,0,18.8691536,0,0,0,0,0,0,0,0,0,0,0,0
SEW 2,Live_A,0.912863071,0.229166667,14.42238889,3.108,0,0,0,0,0,0,0,0,0,0,0,0,0,0,0,0,0,0,0,0,0,0,0,0,0,0,0,0,0,0,0,0,0,0,0,0,0,0,0,0,0,0,0,0,0,0,0,0,0,6.536514529,0,0,0,0,0,0,0,0,0,0,0,0,0,0,0,0,0,0,0,0,0,0,0,0,0,2.338752905,0,0,0,0,0,0,0.119936046,0,0,0,0,0,0,0,0,0,0,0,0,0,0,0,0,0,0,0,0,0,0,0,0,0,0,8.055704451,0,0,0,0,0,0,0,0,0,0,0,0
SEW 2,Live_A,0.912863072,0.229166667,14.42238889,3.108,0,0,0.300886332,0,0,0,0,0,0,0,0,0,0,0,0,0,0,0,0,0,0,0,0,0,0,0,0,0,0,0,0,0,0,0,0,0,0,0,0,0,0,0,0,0,0,0,0,0,0,1.221244525,0,0,0,0,0,0,0,0,0,0,0,0,0,0,0,0,0,0,0,0,0,0,0,0,0,0.141593568,0,0,0,0,0,0,0,0,0,0,0,0,0,0,0,0,0,0,0,0,0,0,0,0,0,0,0,0,0,0,0,0,0,14.47794234,0,0,0,0,0,0,0,0,0,0,0,0
SEW 2,Live_A,0.912863072,0.229166667,14.42238889,3.108,0,0,0,0,0,0,0,0,0,0,0,0,0,0,0,0,0,0,0,0,0,0,0,0,0,0,0,0,0,0,0,0,0,0,0,0,0,0,0,0.147808135,0,0,0,0,0,0,0,0,0,0,0,0,0,0,0,0,0,0,0,0,0,0,0,0,0,0,0,0,0,0,0,0,0,0,0,5.806748172,0,0,0,0,0,0,0,0,0,0,0,0,0.422308958,0,0,0,0,0,0,0,0,0,0,0,0,0,0,0,0,0,0,0,0,26.98554242,0,0,0,0,0,0,0,0,0,0,0,0.992426051
SEW 3,Live_A,0,0,23.03161111,2.722,0,0,0,0,0,0,0,0,0,0,0,0,0,0,0,0,0,0,0,0,0,0,0,0,0,0,0,0,0,0,0,0,0,0,0,0,0,0,0,0,0,0,0,0,0,0,0,0,0,0,0,0,0,0,0,0,0,0,0,0,0,0,0,0,0,0,0,0,0,0,0,0,0,0,0,0.805164229,0,0,0,0,0,0,0,0,0,0,0,0,0,0,0,0,0,0,0,0,0,0,0,0,0,0,0,0,0,0,0,0,0,0,0,29.43680422,0,0,0,0,0,0,0,0,0,0
SEW 3,Live_A,0,0,23.03161111,2.722,0,0,0,0,0,0,0,0,0,0,0,0,0,0,0,0,0,0,0,0,0,0,0,0,0,0,0,0,0,0,0,0,0,0,0,0,0,0,0,28.94821975,0,0,0,0,0,0,0,0,0,0,0,0,0,0,0,0,0,0,0,0,0,0,0,0,0,0,0,3.014356814,0,0,0,0,0,0,0,0,0,0,0,0,0,0,0,0,0,0,0,0,0,0,0,0,0,0,0,0,0,0,0,0,0,0,0,0,0,0,0,0,0,56.96094945,0,0,0,0,0,0,0.363801684,0,0,0,0,0
SEW 3,Live_A,0,0,23.03161111,2.722,0,0,0,0,0,0,0,0,0,0,0,0,0,0,0,0,0,0,0,0,0,0,0,0,0,0,0,0,0,0,0,0,0,0,0,0,0,0,0,11.25418495,0,0,0,0,0,0,0,0,0,0,0,0,0,0,0,0,0,0,0,0,0,0,0,0,0,0,0,0,0,0,0,0,0,0,0,0,0,0,0,0,0,0,0,0,0,0,0,0,0,0,0,0,0,0,0,0,0,0,0,0,0,0,0,0,0,0,0,0,0,23.19460069,0,0,0,0,0,0,0,0,0,0,0,0
SEW 4,Live_A,69.87134799,36.75,59.43505556,2.666,0,0,0,0,0,0,0,0,0,0,0,0,0,0,0,0,0,0,0,0,0,0,0,0,0,0,0,0,0,0,0,0,0,0,0,0,0,0,0,1.653898171,0,0,0,0,0,0,0,0,0,0,0,0,0,0,0.05742702,0,0,0,0,0,0,0,0,0,0,0,0,0,0,0,0,0,0,0,0,0.045941616,0,0,0,0,0,0,0,0,0,0,0,0,0,0,0.758036662,0,0,0,0,0,0,0,0,0,0,0,0,0,0,0,0,0,0,8.77484863,0,0,0,0,0,0,0,0,0,0,0,0
SEW 4,Live_A,69.87134799,36.75,59.43505556,2.666,0,0,0,0,0,0,0,0,0,0,0,0,0,0,0,0,0,0,0,0,0,0,0,0,0,0,0,0,0,0,0,0,0,0,0,0,0,0.309481287,0,3.404294153,0,0,0,0,0,0,0,0,0,0,0,0,0,0,0,0,0,0,0,0,0,0,0,0,0,0.206320858,0,0,0.722123002,0,0,0,0,0,0,1.598986648,0,0,0,0,0,0,0,0,0,0,0,0,0,0,0,0,0,0.618962573,0,0,0,0,0,0,0,0,0,0,0,0,0,0,0.206320858,2.372689864,0,56.01611288,0,0,0,0,0,0,0,0,0,0
SEW 4,Live_A,69.87134799,36.75,59.43505556,2.666,0,0,10.24126739,0,0,0,0,0.456088831,0,0,0,0,0,0,0,0,0,0,0,0,0,0,0,0,0,0,0,0,0,0,72.76689985,0,0,0,0,0,0,2.280444155,0,2.280444155,0,0,0,0,0,0.373163589,0,0,0,0,0,0,0.207313105,0,0,0,0,0,0,0,0,0,0,0,0,0,0,0,0,0,0,0,0,0,0,13.2265761,0,0,0,5.514528593,0,0,0,0,0,0,0,0,0,0,0,0,0,2.363369397,0,0,0,0,0,0,0,0,0,0,0,0,0,0,0,48.88443015,0,0,0,0,0,0,0,0,0,0,0,0
NGK M,Live_P,2.654867257,0.5,32.90316667,1.434,0,0,14.12572818,0,0,0,0,0,0,0,0,0,0,0,0,0,0,0,0,0,0,0,0,0,0,0,0,0,0,0,123.4726602,0,0,0,0,0,0,0,0,0,0,0,0,0,0,0,0,0,0,0,0,0,0,0,0,0.389882094,0,0,0,0,0,0,0,0,0,0,0,19.80900948,8.442446888,0,0,0,0,0,0,1.874433146,0,0,0,0,0,0,0,0,0,0,0,0,0,0,0,0,0,0,0,0,0,0,0,0,0,0,0,0,0,0,0,0,0,0,0,53.90869727,0,0,0,0,0,0,0,0,0,2.054378728
NGK M,Live_P,2.654867256,0.5,32.90316667,1.434,0,0,39.43258053,0,0.560121883,0,0,0,0,0,0,0,0,0,0,0,0,0,0,0,0,0,0,0,0,0,0,30.58265479,0,0,1516.137912,0,0,0,0,0,0,0,0,6.833486967,0,0,0,0,0,0,0.784170636,0,0,0,0,0,0,0,0,39.65662928,0,0,0,0,0,0,0,0,0,0.112024377,0,295.0722077,0,0,0,0,0,0,0,0.784170636,0,0,0,0,0,0,0,0,1.008219389,0,0,0,0,0,0,0.784170636,0,0,0,0,0,0,0,0,0,0,0,0,0,0,0,0,0,0,0,170.501101,0,0,0,0,14.67519332,0,0,0,0,0
NGK M,Live_P,2.654867256,0.5,32.90316667,1.434,0,0,15.52879127,0,0,0,0,0,0,0,0,0,0,0,0,0,0,0,0,0,0,0,0,0,0,0,0,0,0,0,264.7549555,0,0,0,0,0,0,0,0,0,0,0,0,0,0,0,0,0,0,0,0,0,0,0,0,39.13182496,0,0,0,0,0,0,0,0,0,3.171372866,0,0,0,0,0,0,0,0,0,0,0,0,0,0,0,0,0,0,0,0,0,0,0,0,0,0,0,0,0,0,0,0,0,0,0,0,0,0,0,0,0,0,0,0,0,29.07091794,0,0,0,0,0,0,0,0,0,0
NGK N,Live_P,0.823225948,0.25,20.29016667,2.274,0,0,26.64543733,0,0,0,0,0,0,0,0,0,0,0,0,0,0,0,0,0,0,0,0,0,0,0,0,0,0,0,0,0,0,0,0,0,0,0,0,0,0,0,0,0,0,0,0,0,0,0,0,0,0,0,0,2.996599335,0,0,0,0,0,0,0,0,0,0,0,0,0,0,0,0,0,0,0,0.749149834,0,0,0,0,0,0,0,0,0,0,0,0,0,0,0,0,0,0,0,0,0,0,0,0,0,0,0,0,0,0,0,0,0,0,0,6.49938099,0,0,0,0,0,0,0,0,0,0
NGK N,Live_P,0.823225948,0.25,20.29016667,2.274,0,0,0.995787299,0,0,0,0,0,0,0,0,0,0,0,0,0,0,0,0,0,0,0,0,0,0,0,0,0,0,0,231.852476,0,0,0,0,0,0,0,0,0,0,0,0,0,0,0,0,0,0,0,0,0,0,0,0,55.48748114,0,0,0,0,0,0,0,0,0,0,0,0,0,0,0,0,0,0,0,0,0,0,0,0,0,0,0,0,0,0,0,0,0,0,0,0,0,0,0,0,0,0,0,0,0,0,0,0,0,0,0,0,0,0,0,70.39662986,0,0,0,0,0,0,0,0,0,0.96812654
NGK N,Live_P,0.823225948,0.25,20.29016667,2.274,0,0,22.18453478,0,0,0,0,0,0,0,0,0,0,0,0,0,0,0,0,0,0,0,0,0,0,0,0,0,0,0,11.17382818,0,0,0,0,0,0,0,0,0.521989054,0,0,0,0,0,0,0,0,0,0,0,0,0,0,0,3.556050428,0,0,0,0,0,0,0,0,0,0,0,0.685110633,11.43482271,0,0,0,0,0,0,3.246119427,0,0,0,0,0,0,0,0,0,0,0,0,0,0,0,0,0,0,0,0,0,0,0,0,3.702859849,0,0,0,0,0,0,0,0,0,0,22.88595757,0,0,0,0,0,0,0,0,0,0
NGK S,Live_P,3.137254902,0.333333333,29.38377778,1.86,0,0,22.76883454,0,0,0,0,0,0,0,0,0,0,0,0,0,0,0,0,0,0,0,0,0,0,0,0,0,0,0,148.2301914,0,0,0,0,0,21.32991191,0,0,0,0,0,0,0,0,0,0,0,0,0,0,0,0,0,0,0,0,0,0,0,0,0,0,0,0,0.169285015,0,0,0,0,0.550176299,0,0,0,0,0.95222821,0,0,0,0,0,0,0,0,0,0,0,0,0,0,0,0,0,0,0,0,0,0,0,0,4.189804125,0,0,0,0,0,0,0,0,0,0,11.97691482,0,0,0,0,0,0,0,0,0,0
NGK S,Live_P,3.137254899,0.333333333,29.38377778,1.86,0,0,47.98348772,0,0,0,0,0,0,0,0,0,0,0,0,0,0,0,0,0,0,0,0,0,0,0,0,0,0,0,0,0,0,0,0,0,0,0,0,0,0,0,0,0,0,0,0,0,0,0,0,0,0,0,0,0,0,0,0,0,0,0,0,0,0,0,0,0,6.544422025,0,0,0,0,0,0,0,0,0,0,0,0,0,0,0,0,0,0,0,0,0,0,0,0,0,0,0,0,0,0,0,10.16531126,0,0,0,0,0,0,0,0,0,0,44.30895568,0,0,0,0,0,0,0,0,0,0
NGK S,Live_P,3.137254899,0.333333333,29.38377778,1.86,0,0,39.33242596,0,0,0,0,0,0,0,0,0,0,0,0,0,0,0,0,0,0,0,0,0,0,0,0,0,0,0,0,0,0,0,0,0,0,0,0,0,0,0,0,0,0,0,0,0,1.010374245,0,0,0,0,0,0,164.4744931,0,0,0,0,0,0,0,0,0,1.082543834,0,0,27.20793502,0,2.381596434,0,0,0,0,0.433017533,0,0,0,0,0,0,0,0,0,0,0,0,0,0,0,0,0,0,0,0,0,0,0,0,0,0,0,0,0,0,0,0,0,0,0,66.03517385,0,0,0,0,0,0,0,0,0,0
SDO,Live_P,5.646173149,1.875,23.052,2.006,0,0,27.89496026,0,0,0,0,0,0,0,0,0,0,0,0,0,0,0,0,0,0,0,0,0,0,0,0,0,0,0,221.475621,0,0,0,0,0,0,0,0,0,0,0,0,0,0,0,0,0,0,0,0,0,0,0,0,0,0,0,0,0,0,0,0,0,0,1.209069485,0,0,0,0,0,0,0,0,0,0,0,0,0,0,0,0,0,0,0,0,0,0,0,0,0,0,0,0,0,0,0,0,0,0,0,0,0,0,0,0,0,0,0,0,0,52.50816049,0,0,0,0,0,0,0,0,0,0
SDO,Live_P,5.646173149,1.875,23.052,2.006,0,0,0.862140949,0,0,0,0,0,0,0,0,0,0,0,0,0,0,0,0,0,0,0,1.50258851,0,0,0,0,0,0,0,0,0,0,0.369488978,0,0,0,0.246325985,0,0.911406146,0,0,0,0,0,0,0,0,0,0,0,0,0,0,0,25.64253507,0,0,0,0,0,0,0,0,0,1.551853707,0,0,0,0,0,0,0,0,0,0.615814963,0,0,0,0,0,0,0,0,0,0,0,0,0,0,0,0,0,5.936456246,0,0,0,0,0,0,0,0,0,0,0,0,0,0.246325985,0,0,0,33.10621242,0,0,0,0,0,0,0,0,0,0
SDO,Live_P,5.646173149,1.875,23.052,2.006,0,0,0,0,0,0,0,0,0,0,0,0,0,0,0,0,0,0,0,0,0,0,0,0,0,0,0,0,0,0,34.58462733,0,0,0,0,0,0,0,0,2.198757764,0,0,0,0,0,0,0,0,10.26086957,0,0,0,0,0,0,84.23990683,0,0,0,0,0,0,0,0,0,0,0,0,0,0,0,0,0,0,0,1.832298137,0,0,0,0,0,0,0,0,3.802018634,0,0,0,0.091614907,0,0,0,0,0,0,0,0,0,0,0,47.77717391,0,0,0,0,0,0,0,0,0,0,103.3416149,0,0,0,0,81.39984472,0,0,0,0,0
SEW 1,Live_P,0,0,18.22261111,3.006,0,0,9.390393074,0,0,0,0,0,0,0,0,0,0,0,0,0,0,0,0,0,0,0,0,0,0,0,0,0,0,0,0,0,0,0,0,0,0,0,0,0,0,0,0,0,0,0,0,0,0,0,0,0,0,0,0,127.9441056,0.05255817,0,0,0,0,0,0,0,0,0,0,0,0,0,0.613178652,0,0,0,0,0.05255817,0,0,0,1.121240964,0,0,0,0,0,0,0,0,0,0,0,0,0,0,0,0,0,0,0,0,0,0,0,0,0,0,0,0,0,0,0,41.85382286,0,0,0,0,0,0,0,0,0,0
SEW 1,Live_P,0,0,18.22261111,3.006,0,0,3.776809648,0,0,0,0,0,0,0,0,0,0,0,0,0,0,0,0,0,0,0,0,0,0,0,0,0,0,0,0,0,0,0,0,0,0,0,0,1.934786697,0,0,0,0,0,0,0,0,0,0,0,0,0,0,0,0,0,0,0,0,0,0,0,0,0,0,0,0,0,0,0,0,0,0,0,3.432258593,0,0,0,9.276374575,0,0,0,0,0,0,0,0,0,0,0,0,0,0,0,0,0,0,0,0,0,0,0,0,0,0,0,0,0,0,0,94.11544604,0,0,0,0,0,0,0,0,0,0
SEW 1,Live_P,0,0,18.22261111,3.006,0,0,9.043033253,0,0,0,0,0,0,0,0,0,0,0,0,0,0,0,0,0,0,0,0,0,0,0,0,0,0,0,0,0,0,0,0,0,0,0,0,0,0,0,0,0,0,0,0,0,0,0,0,0,0,0,0,73.88122425,0,0,0,0,0,0,0,0,0,0,0,2.591383047,0,0,0,0,0,0,0,2.037363223,0,0,0,9.078776468,0,0,0,0,0,0,0,0,0,0,0,0,0,0,0,0,0,0,0,0,0,0,0,0,0,0,0,0,0,0,0,69.91372744,0,0,0,0,0,0,0,0,0,0
SEW 2,Live_P,0.580912863,0.145833333,14.42238889,3.108,0,0,16.79259106,0,0,0,0,0,0,0,0,0,0,0,0,0,0,0,0,0,0,0,0,0,0,0,0,0,0,0,0,0,0,0,0,0,0,0,0,3.636974038,0,0,0,0,0,0,0,0,0,7.586500532,0,0,0,0,0,1.307037545,0,0,0,0,0,0,0,0,0,0.483035614,0,1.73324544,0,0,0,0,0,0,0,1.022898948,0,0,0,0,0,0,0,0,0,0,0,0,0,0,0,0,0,0,0,0,0,0,0,0,0,0,0,0,0,0,0,0,0,0,0,34.97746125,0,0,0,0,0,0,0,0,0,0
SEW 2,Live_P,0.580912862,0.145833333,14.42238889,3.108,0,0,16.6251588,0,0,0,0,0,0,0,0,0,0,0,0,0,0,0,0,0,0,0,0,0,0,0,0,0,0,0,0,0,0,0,0,0,0,0,0,0,0,0,0,0,0,0,0,0,0,0,0,0,0,0,0,0,0,0,0,0,0,0,0,0,0,0,0,1.939914245,0,0,0,0,0,0,0,1.283904597,0,0,0,0,0,0,0,0,0,0,0,0,0,0,0,0,0,0,0,0,0,0,0,0,0,0,0,0,0,0,0,0,0,0,0,36.5397374,0,0,0,0,0,0,0,0,0,0
SEW 2,Live_P,0.580912862,0.145833333,14.42238889,3.108,0,0,17.77649919,0,0,0,0,0,0,0,0,0,0,0,0,0,0,0,0,0,0,0,0,0,0,0,0,0,0,0,0,0,0,0,0,0.155685901,13.87019842,0,0,0.735969712,0,0,0,0,0,0,0,0,0,0,0,0,0,0,0,32.9346446,0,0,0,0,0,0,0,0,0,0.028306527,0,1.146414359,0,0,0,0,0,0,0,0.325525065,0,0,0,0,0,0,0,0,0,0,0,0,0,0,0,0,0,0,0,0,0,0,0,0,0,0,0,0,0,0,0,0,0,0,0,70.72385866,0,0,0,0,0,0,0,0,0,0.735969712
SEW 3,Live_P,2.196752627,0.541666667,23.03161111,2.722,0,0,235.4092744,23.98140218,0,0,0,0,0,0,0,0,0,0,0,0,0,0,0,0,0,0,0,0,0,0,0,0,0,0,0,0,0,0,0,0,0,0,0,0,0,0,0,0,0,0,0,0,0,0,0,0,0,0,0,149.7614095,0,0,0,0,0,0,0,0,0,0.489416371,0,0,0,0,0,0,0,0,0,0,0,0,0,0,0,0,0,0,0,0,0,0,0,0,0,0,0,0,0,0,0,0,0,0,0,0,0,0,0,0,0,0,0,0,0,772.7884498,0,0,0,0,0,0,0,0,0,0
SEW 3,Live_P,2.196752627,0.541666667,23.03161111,2.722,0,0,26.15189988,0,0,0,0,0,0,0,0,0,0,0,0,0,0,0,0,0,0,0,0,0,0,0,0,0,0,0,10.70133254,0,0,0,0,0,19.84723884,0,0,2.696072152,0,0,0,0,0,0,0,0,0,0,0,0,0,0,0,26.83628742,0,0,0,0,0,0,0,0,0,0,0,0,0,0,0,0,0,0,0,0.456258364,0,0,0,0,0,0,0,0,0,0,0,0,0,0,0,0,0,0,0,0,0,0,0,0,0,0,0,0,0,0,0,0,0,0,0,97.18303158,0,0,0,0,0,0,0,0,0,0
SEW 3,Live_P,2.196752627,0.541666667,23.03161111,2.722,0,0,0,0,0,0,0,0,0,0,0,0,0,0,0,0,0,0,0,0,0,0,0,0,0,0,0,0,0,0,29.57670875,0,0,0,0,0,0,0,0,0,0,0,0,0,0,0,0,0,0,0,0,0,0,0,0,0,0,0,0,0,0,0,0,0,0,0,0,0,0,0,0,0,0,0,0,3.609062675,0,0,0,0,0,0,0,0,0,0,0,0,0,0,0,0,0,0,0,0,0,0,0,0,0,0,0,0,0,0,0,0,0,0,0,66.23950397,0,0,0,0,0,0,0,0,0,0
SEW 4,Live_P,0.87141137,0.458333333,59.43505556,2.666,0,0,7.76165709,0,0,0,0,0,0,0,0,0,0,0,0,0,0,0,0,0,0,0,0,0,0,0,0,0,0,0,0,0,0,0,0,0,0,0,0,0.160364816,0,0,0,0,0,0,0,0,0.513167411,0,0,0,0,0,0,48.75090404,0,0,0,0,0,0,0,0,0,0,0,0,0,0,0,0,0,0,0,0.416948521,0,0,0,0,0,0,0,0,0,0,0,0,0,0,0,0,0,0,0,0,0,0,0,0,0,0,0,0,0,0,0,0,0,0,0,34.6708732,0,0,0,0,0,0,0,0,0,1.50742927
SEW 4,Live_P,0.87141137,0.458333333,59.43505556,2.666,0,0,15.49251141,0,0,0,0,0,0,0,0,0,0,0,0,0,0,0,0,0,0,0,0,0,0,0,0,0,0,0,0,0,0,0,0,0,0,0,0,0,0,0,0,0,0,0,0,0,0,0,0,0,0,0,0,21.77325928,0,0,0,0,0,0,0,0,0,0.239266585,0,0,0,0,0,0,0,0,0,0,0,0,0,0,0,0,0,0,0,0,0,0,0,0,0,0,0,0,0,0,0,0,0,0,0,0,0,0,0,0,0,0,0,0,0,33.70668023,0,0,0,0,0,0,0,0,0,0
SEW 4,Live_P,0.87141137,0.458333333,59.43505556,2.666,0,0,15.72568567,0,0.06996968,0,0,0,0,0,0,0,0,0,0,0,0,0,0,0,0,0,0,0,0,0,0,0,0,0,4.128211144,0,0,0,0,0,0,0.06996968,0,0,0,0,0,0,0,0,0,0,0,0,0,0,0,0,0,28.14530395,0,0,0,0,0,0,0,0,0,0.139939361,0,0,0,0,0,0,0,0,0,1.224469407,0,0,0,0,0,0,0,0,0,0,0,0,0,0,0,0,0,0,0,0,0,0,0,0,0,0,0,0,0,0,0,0,0,0,0,18.90930613,0,0,0,0,0,0,0,0,0,0
NGK M,Rubble,94.46902655,17.79166667,32.90316667,1.434,0,0,3.960969427,0,10.77383684,0,0.316877554,0,0,0,3.564872484,0,1.425948994,0,0,0,0,0,0,0,8.872571516,0,0.475316331,0,2.772678599,0,0,0,0,0,549.3864595,0,0,0,0,3.24799493,0.475316331,15.05168382,0,9.427107236,0,0,0,0,0,1.029852051,3.327214318,0,0,0.316877554,0,18.29967875,1.663607159,0,0,0,0,7.288183745,0,0,0,0,0,1.901265325,0,0,0,0,0,0,1.029852051,0,0,0,0,1.584387771,0,0,0,0,2.376581656,0,0,0,2.297362268,0,0,0,1.425948994,0,0,0,1.822045936,5.228479643,0,0,0,0,0,0,0,0,0,23.29050023,0,0,0.079219389,0,0.792193885,0,0,0,0,0,554.9318167,0,0,0,0,0,0,15.44778076
NGK M,Rubble,94.46902655,17.79166667,32.90316667,1.434,0,0,0.998353543,0,2.728833017,0,0.199670709,0,0,0,0.133113806,0,0,0,0,0,0,0,0,13.31138057,0,0,0,0,0.332784514,0,0,0.399341417,0.532455223,0,0,0,0,0,0,0.732125931,0,16.04021359,0,12.11335632,0,0,0,0.133113806,0,0,0.599012126,0,0,0,0.732125931,0,0,0,0,0,0,0.266227611,0,0,0,0,0,0,0,0,0,0,0,0,0.399341417,0,0,0,0,8.918624982,0,0,0,0,0,0,0,0,0,0,0,0,2.662276114,0,0,0,0,5.990121256,0,0,0,0,0.133113806,0,0,0,0,4.725540102,0,0,8.18649905,0,0.599012126,0,9.051738787,0,0,0,0,0,0,0,0,0,0,0
NGK M,Rubble,94.46902655,17.79166667,32.90316667,1.434,0.274408605,0,0.54881721,0,3.384372794,0,0.36587814,0,0.54881721,0,0,0,0.091469535,0,0,3.292903259,0,0.18293907,1.09763442,0,0,0,1.64645163,20.85505398,4.207598609,0,0,0,0,2.195268839,0,0,0,0,0,7.317562798,0,45.18595028,0,13.0801435,0,0,17.56215072,1.64645163,0,0,0.91469535,0,0,0,1.09763442,0.73175628,0,0,0,0,0,1.554982095,0,0,0,0,1.006164885,3.018494654,0,0,0,0,0,0,0.91469535,2.378207909,0,0,3.475842329,3.933190004,0,0,0,0,0,0,1.006164885,0,0,0,0,0,1.006164885,0,0,0,0,4.573476749,0,18.75125467,0,0,0,0,0,0,0.091469535,0,0,0,0,0,0.73175628,0,0,0,0,0,511.223231,0,0,0,0,0,0,0
NGK N,Rubble,98.3755008,29.875,20.29016667,2.274,0,0.790298467,0,1.276635985,0.12158438,0,0,0,0,0,0,0,0,0,1.155051606,0.364753139,0.607921898,0,0,0.182376569,0,0,0,0.911882847,0.547129708,0,0,0,0.790298467,0.486337518,341.2873534,0,0,0,0,3.161193869,0,4.255453285,0,7.112686204,0,0,0,0,0,0,0,0,0,0,0,0,0,0,0,0,0.182376569,0.729506277,0,0,0,3.039609489,0.425545328,1.641389124,0,0,0,0,0,0,0.486337518,1.459012555,0,0,7.477439343,0.182376569,0.303960949,0,0,0,0,0,0,0,0,0,0,0,1.641389124,0,0,0,0.12158438,21.52043518,0,0,0,1.519804744,0,0,0,0,0,0,0,0,0.668714088,0,0.06079219,0,0,0,0,0,0,0,0,0,0,0,0,0
NGK N,Rubble,98.3755008,29.875,20.29016667,2.274,0,0.645461342,0.234713215,0.46942643,3.109950102,0,0,0,0,0,0,0,0,0,2.93391519,0,1.819027418,0.117356608,0,0.293391519,0,0,0,30.27800476,0.46942643,0,0,0,0,0.352069823,2.992593494,0,0,0,0,3.462019925,0,12.43980041,0,8.390997444,0,0,2.816558583,0,0,0.352069823,1.819027418,0,0,0,0,0,0,0,0,0,0.234713215,1.760349114,0,0,0,0.938852861,0,0,0,0.058678304,0,0,0,0,0.352069823,0,0.117356608,0,0.880174557,0.46942643,0.117356608,0,0,0.176034911,0,0,0,0,0,0,0,0,0,0,0,0,0.293391519,1.70167081,0,0,0,2.992593494,0,0,0,0,0,0,0,0,2.053740633,0,1.760349114,0,0,0,0.46942643,0,0.997531165,0,0.410748127,0,0,0,0,1.819027418
NGK N,Rubble,98.3755008,29.875,20.29016667,2.274,0,0.339380969,0.610885744,0.475133357,1.086019101,0.203628581,0,0,0,0,0,0,0,0,1.493276264,0,2.850800141,0.271504775,0,0,0,0.271504775,0,49.14236433,0.271504775,0,0,136.0917686,0,0.271504775,0,0,0,0,0,73.17053694,0,11.53895295,0,3.19018111,0,0,0,0,0,0.814514326,0.543009551,0,0,0,0,0,0,0.610885744,0,0,0,0,0,0,0,0,0,1.629028652,0.339380969,0.135752388,0,0,0,0,0.88239052,0,0.543009551,0,1.42540007,0,0,0,0,0,0.339380969,0,0,0,0,0,0,0,0,0,0,0,0,8.077267065,0,0,0,0.407257163,0,0,0,0,0,0,0,0,0.543009551,0,0.407257163,0,0,0,1.832657233,0,0,0,0,0,0,0,0,0
NGK S,Rubble,90.98039216,9.666666667,29.38377778,1.86,0,0,0,0,0.479550593,0,0,0,0,0,0,0,0,0,0.599438241,0,0,0,0,0,0,0,0,0,0.179831472,0,0,0,0,0,0,0,0,0,0,0,0,11.56915805,0,4.915393574,0,0,0,0,0,1.438651778,0.659382065,0,0,0,0,0,0.059943824,0,20.02123724,0,0,0,0,0,0,0,0,0,0,0.239775296,27.51421525,0,0,0,0.179831472,0,0,0.239775296,21.04028225,4.196067685,0,0,0,0,0,0.419606769,0.179831472,0,0,0,0,0,1.258820306,0,0,0,0,2.517640611,0,0,0,0,0,0,0,0,0,0,0,0,4.375899157,0,0.539494417,0,0,0,0,0,0,0,0,0,0,0,0,3.656573268
NGK S,Rubble,90.98039216,9.666666667,29.38377778,1.86,0,0,0.693704804,0.189192219,3.342395874,0,0,0,0,0,0.567576658,0,0.630640731,0,0.189192219,2.459498851,0,0,0,0,0,0,1.450473681,11.66685352,12.86507091,0,0,0,0,0,0,0,0,0,0.189192219,4.982061775,0,5.360446213,0,0,0,0,0.945961096,0,0,0.945961096,0.378384439,0,0,0,0,8.95509838,0.378384439,0,0,0,0,0.378384439,0,0,0,0.126128146,0,0,0.504512585,0,160.498066,0,0,0,0.567576658,0,0,0,3.279331801,4.162228824,0,0.063064073,0.252256292,1.00902517,0.504512585,0.126128146,0,0,0.315320365,0,0,0,0.315320365,0.126128146,0,0,0.882897023,1.00902517,0,0,0,0,0,0,0,1.00902517,0,0,0,0,13.30651942,0,0.504512585,0,0,0,0,0,0,0,1.198217389,0.504512585,0,0,0,0
NGK S,Rubble,90.98039216,9.666666667,29.38377778,1.86,0,0,0.203628581,0.88239052,4.61558118,0,0,0,0.210416201,0,0,0,0,0,0,0,0,0.067876194,0,0.135752388,0,0,0.203628581,15.13639122,0.271504775,0,0,0,0,0.203628581,301.0987958,0,0,0,0,3.868943048,0,19.88772479,0,2.647171559,0,0,2.511419171,0,0,12.42134347,0.475133357,0.339380969,1.018142907,0,0,0,4.208324017,0,0,9.842048104,0.203628581,5.362219312,0.135752388,0,0,2.782923947,0,0,0,0,0,0,0,0,1.629028652,0.271504775,0,0,0,0.339380969,0,0,0.339380969,0,0,0,15.3400198,0.88239052,0.339380969,0,0,0,0.203628581,0,0,0,0,3.868943048,2.104162008,0,0.074663813,0,0,0,0,0,0.067876194,5.701600281,0,0,0.339380969,0,0,0,0,0,0,3.529562079,3.19018111,0,0,1.832657233,0,0,0,1.561152458
SDO,Rubble,82.18318695,27.29166667,23.052,2.006,0,0,9.981642955,0,6.812867414,0,0,0,0,0,0,0,0,0,0.396096943,0.316877554,0,0,0,8.951790905,0,0,0,12.83354094,3.644091873,0,0,0,0,0,42.1447147,0,0,0,0,1.901265325,0.237658166,27.40990843,0,7.208964357,0,0,2.535020433,0,0,0,0.396096943,0,1.267510217,0,0,0,0,0,0,83.65567429,0,5.228479643,0,0,0,0,0,0,0,0,38.89671977,0,0,0,0,0,0,0,0,20.91391857,0,0,0,0,0,0,0,0,0.633755108,0,0,0,1.188290828,0,0,0,0,1.267510217,0,0,0,0,0,0,0,0,0,0,18.14123997,0,0,0,1.901265325,0,0,0,0,0,0,0,2.69345921,0,0,0,0,3.881750038
SDO,Rubble,82.18318695,27.29166667,23.052,2.006,0,0,0.582263228,0,0.914985072,0,0,0,0,0,0.332721845,0,0,0,18.05016007,3.743120751,0,0,0,23.29052912,0,0,0,0,0.582263228,0,0,0,0.249541383,0,0,0,0,0,0,22.62508543,0.332721845,39.09481673,0,19.13150606,0,0,1.746789684,0,0,3.493579368,0.499082767,0,0,0,0,0,0,0,0,0,0,0,0,0,0,0,0,0,0,0.166360922,0,0,0,0,0.083180461,0,0,0,0,2.079511528,0,0,0,1.164526456,0,0,0,0,0,0,0,0,0.914985072,0,0,0,0,115.2049387,0,0,0.083180461,0,0,0,0,0,0,0,10.31437718,0,0.499082767,0,0,0,0,0,0,0,0,0,0,0,0,0,0,0
SDO,Rubble,82.18318695,27.29166667,23.052,2.006,0,0,1.140693943,0,0.614219815,0,0.965202567,0,0,0,0.789711191,0,0,0,0,0,0,0,0,0,0,0,0,0,0.789711191,0,0,0,0.701965503,0,0,0,0,0,0,7.019655034,20.53249097,42.55665864,2.54462495,0,0,0,25.53399519,0,0,32.64139591,0.877456879,0,0,0,0,0,0,2.018150822,0,0,0,0,0,0.701965503,0,0,0,0,0,0,0,0,0,0,0.263237064,0,0,0,0,56.06949458,0,0,0,0,0,0,0,0,0,0,0,0,1.316185319,0,0,0,0,4.036301645,0,0,0,0,0,0,0,0,0,0,0,0,0.526474128,0,0,0,0,0,0,0,0,0,0.701965503,0,0,0,0.263237064,0
SEW 1,Rubble,98.13579873,10.79166667,18.22261111,3.006,0,0,0.698760799,0,0,0,0,0,0,0,0,0,0,0,0,0,0,0,0,0,0,0,44.29068449,0,0,0,0,0,0,0,0,0,0,0,0,8.761385403,0,2.848794027,0,4.192564794,0,0,2.418787381,0,0,0.698760799,0.053750831,0,0,0,0,0,0,0,0,0,0,0,0,0,0,0,0,0,0,0,0,0,0,0,0.268754153,0,0,0,0,9.406395372,0,0,0,0,0,0,0,0,0,0,0,0,0,0,0,0,0,0.913764122,0,0,0,0,0,0,0,0,0,0,0,0,0,0,0,0,0,0,0,0,0,0,0,0,0,0,0,3.06379735
SEW 1,Rubble,98.13579873,10.79166667,18.22261111,3.006,0,0,1.413980104,1.48467911,0.424194031,0,0,0,0,0,0,0,0,0,0,0,0,0,0,0,0,0,0,0,0,0,0,0,0,0,0,0,0,0,0,0,0,0.353495026,0,0.989786073,0,0,0,0,0.494893037,0.353495026,0.424194031,0.070699005,0,0,0,0,0,0,0,0,0,0,0,0,0,0,0,0.14139801,0,0,128.6014905,0,0,0,0,0,0,0,0,0.848388063,0,0,0,0,0,0,0,0,0,0,0,0,0,0,0,0,1.62607712,1.908873141,0,0,0,0,0,0,0,0,0,0,0,0,0.424194031,0,0,0,0,0,0.212097016,0,0,0,2.474465183,0,1.767475131,0,0,0.494893037
SEW 1,Rubble,98.13579873,10.79166667,18.22261111,3.006,0,0,0.475133357,0,0.067876194,0,0,0,0,12.0819625,0,0,0,0,0,0,0,0,0,0,0,0,0,0,0,0,0,0,0.203628581,0,0,0,0,0,0,1.696904846,0,7.873638483,0,9.638419523,0,0,6.380362219,0,0,1.086019101,0,0,0,0,0,0,0,0,0,0,0,0,0,0,0,0,0,0,0,0.135752388,44.52678315,0,0,0,0,0,0,0,0,14.86488645,0,0,0,0,0,0,0,0,0,0,0,0,0.407257163,0.475133357,0,0,0,1.086019101,0,0,0,0.135752388,0,0,0,0,0,0,0,0,0.950266714,0,0,0,0,0,0,0,0,0,0,0,0,0,0,7.737886096
SEW 2,Rubble,98.25726141,24.66666667,14.42238889,3.108,0,0,2.983683432,0.165760191,3.5362174,0,0.497280572,0,0,0,0,0,0,0,0.773547556,1.491841716,1.215574731,0,0,0.055253397,0,0,0,0,0.718294159,0,0,0,0,0,0,0,0,0,0,0.331520381,0,4.309764957,0,10.49814541,0,0,20.11223647,0,0,0.442027175,0.386773778,0,0,0,0,0,0,0,0,0,0,0,0,0,0,0,0,0,0,0.165760191,0,0,0,0,0.165760191,0.276266984,0,0,3.646724194,3.038936829,0,0,0.276266984,0,0,0,0,0,0,0,0,0,0.718294159,0,0,0,0,0.773547556,0,0,0,0.331520381,0,0,0,0,0,0,0,2.707416447,0,0,0,0,0,0,0,0,49.94907078,0,0,0,0,0,0,8.564276517
SEW 2,Rubble,98.25726141,24.66666667,14.42238889,3.108,0,0,0,1.343281099,0.353495026,0,0.212097016,0,0,0,0,0,0,0,2.333067172,0,0.353495026,0.282796021,0,0.424194031,0,0,53.87264198,0,0,0,0,0,0.636291047,0,0,0,0,0,0,1.413980104,0,3.676348272,0,12.51372392,0,0,29.97637821,0,0,1.343281099,0.212097016,0,0,0,1.272582094,0.14139801,0,0.565592042,0,9.4736667,0,0,0,0,3.888445287,0,0,0,0,0,0,0,0,0,0,0.353495026,0,0,0,4.59543534,0,0,0,0,0,0,0.424194031,0,0,0,0,0,2.191669162,0,0,0,4.666134345,11.38253984,0,0,0,0,0,0,0,0,0.14139801,0,0,0,0,0,0.14139801,0,0,0,0,0,0,0,0,0.282796021,0,0,0,8.837375653
SEW 2,Rubble,98.25726141,24.66666667,14.42238889,3.108,0,0.954217743,1.022376154,1.840277077,0.204475231,0,0.06815841,0,0,0,0,0,0,0,0,1.158692974,0,0,0,0,2.998970051,0,0,0,0,0,0,0,0,0,0,0,0,0,0,0.340792051,3.339762102,2.249227538,0,6.406890563,0,0,18.40277077,0,0,0.817900923,1.295009795,0,0,0,0,0,0,0,0,0.272633641,0,0,0,0,0,0,0.477108872,0,1.158692974,0,0,0,0,0,0.204475231,0,0,0,0,4.771088717,0,0,0.545267282,0,0,0,0,0,0,0,0,0,0.681584102,0,0,0,0,0.272633641,0,0,0,0,0,0,0,1.908435487,0,0,0,0,1.635801846,0,0,0,0,0,0,0,0,0,0.272633641,0,0,0,0,2.385544359
SEW 3,Rubble,96.4513996,23.7826087,23.03161111,2.722,0,0,1.584387771,0.237658166,5.94145414,0,0,0,0,0,0,0,0,0,0.316877554,2.297362268,0,0,0,0,0,0,0.792193885,33.1929238,0.633755108,0,0,0,0,0,0,0.712974497,0,0,0,1.188290828,1.346729605,10.61539806,0,12.51666339,0,0,0,2.297362268,0,2.614239822,2.376581656,0,0,0,0,0,0,0,0,0,0,0,3.881750038,0,0,0,9.74398479,0,2.059704102,0.316877554,267.6823139,0,0.712974497,0,0,0,0,0,0,8.318035796,0,0,0,0,0,0,0,0,0,0,0,0,4.119408204,0,0,0,27.88522476,12.75432155,3.327214318,0,0.475316331,0,0,0,0,0,0,0,0,0,0,0,1.188290828,0,0,0,0,0,0,0,238.0542625,0,0,0,0,29.23195437
SEW 3,Rubble,96.4513996,23.7826087,23.03161111,2.722,0,0,1.822847339,0.439997634,4.337119531,0,0.188570414,0,0,0,0,0,0,0,0,1.068565682,2.011417754,0,0,0,0,0,40.6054959,0,0,0,0.251427219,0,0,0,145.2620759,0,0,0,0,2.954269826,0,5.594255628,0,4.148549117,0,0,6.725678114,0.628568048,0,0,0.817138462,0.062856805,0,0,3.079983435,0,0.377140829,0,0,47.83402846,0,0,0.188570414,0,0,0,0,0.817138462,0,0.12571361,0,0,0,0,1.948560949,0,0.188570414,0,0.188570414,8.045671015,0,0,0,0,0,0,0,0,0,0,0,0,1.319992901,0,0,0,0,2.074274559,0,0,0.12571361,0,0,0.502854438,0,0,0,0,0,0,4.71426036,0,0,0,0,0,0,0,0.314284024,0,0,0,0,0,0,1.257136096
SEW 3,Rubble,96.4513996,23.7826087,23.03161111,2.722,0.067876194,0,0.610885744,0,1.900533427,0,0.067876194,0,0,0,1.086019101,0,0.067876194,0,0,0.135752388,0,0,0,0,0,0,0,0,0,0,0,0,0,0.203628581,0,0,0,0,0,1.968409621,0,14.2540007,0,8.891781391,0,0,0,0,0,0.339380969,5.362219312,0.067876194,0,0,13.57523876,0.407257163,0,0,0,0,0,3.597438273,0.339380969,0,0,0,0,0,0,0.203628581,0,0,0,0,0.678761938,5.565847893,0,0,20.43073434,7.602133708,0,0,0,0,0,0,0,0,0,0,0,0,3.868943048,0,0,0,0,8.280895646,0,0,0,0.746638132,0,0,0,0,0,0,0,0,3.325933497,0,0,0,0,0,0,0,14.93276264,0,0.88239052,0,0,0,0,0.950266714
SEW 4,Rubble,22.20673046,11.68,59.43505556,2.666,0,0,2.731077534,0.931049159,0.186209832,0,0,0,0,0,0,0,0.062069944,0,0,0.186209832,0.744839328,0,0,0,0,0,0,0,0.248279776,0,0,0,0,0,0,0,0,0,0,5.834574732,0,19.98652196,0,11.66914946,0,0,20.0485919,0,0,0,0,0,0,0,10.92431014,0,0,0,0,9.310491594,0,5.6483649,0,0,0,0,0,0,0,0,8.813932042,0,0,0,0.186209832,0,0,0,0.931049159,2.917287366,0,0,0,0,0,0,0,0,0,0,0,0,6.517344116,0,0,0,1.613818543,0.868979215,0,0,0,0,0,0,0,0,0,0,0,0,0,0,0.434489608,0,0,0,0,0,0,0,3.28970703,0,0,0,0.682769384,0
SEW 4,Rubble,22.20673046,11.68,59.43505556,2.666,0.994987193,0,0,0,3.687305478,0,0,0,0,0,0,1.81438841,0,0,87.26622965,0,0,0,0,0,0,0,0,0,0,0,0,0,0,0.526757925,30.3763737,0,0,0,0,0.877929876,0,4.565235354,0,4.038477429,0,0,0.643815242,0,0,0.117057317,1.053515851,0.175585975,0,0,0,0,4.916407304,0,0,0,0.292643292,0,0,0,0,0,0,0,0,0.058528658,0,0,0,0,0.117057317,0,0.058528658,0,0,0,0,0,0,0,0,0,0,0,0,0,0,0,0.760872559,0,0,0,1.346159143,0.292643292,0,0,0,0.234114634,0,0,0,0,0,0,0,0,0.35117195,0,0,0,0,0,0,0,0,0,1.931445727,0,0,0.585286584,0,2.458203652
SEW 4,Rubble,22.20673046,11.68,59.43505556,2.666,0,0,0,0,0.628568048,0,0.502854438,0,0,0,0,0,0,0,0,0.377140829,0.251427219,0,0,0,0,0,103.0223031,0,0,0,0,0,0,0,0,0,0,0,0,0,0,27.15413968,0,6.41139409,0,0,10.18280238,0,0,0.439997634,0.251427219,0.502854438,0,0.251427219,0,0,0,0,0,0,0,0,0,0,0,0,0,0.062856805,0,0.12571361,50.28544384,0,0,0,0.628568048,0,0,0,0,0.251427219,0,0,0,0,0,0,0,0,0,0,0,0,1.382849706,0,0,0,0,5.531398823,0,0,0,0,0,0,0,0,0,0,0,0,0,0,0,0,0,0,0,0,0,0,0.754281658,0,0,0,0,23.69701541